201,1,30.3,33.7,69.7,59.7
201,2,25,33,42,81.7
201,3,45.5,20.1,57.5,96.6
201,4,13,70.9,48.4,97
201,5,46.2,2.9,50.3,36.4
201,6,40.1,20.5,73.6,45.1
201,7,43,42,87.8,82.5
201,8,4.6,70.5,24.4,87
201,9,43.2,31,94.4,57.3
201,10,43.2,31.2,91.6,59.2
201,11,2.7,68,18.8,79.5
201,12,88,3.5,99.3,31.1
201,13,76,1,78.6,30.9
201,14,30.1,30,53.3,69
201,15,2.5,60,33.1,65
201,16,5.2,60.1,32.7,71.5
201,17,2,66.8,13.7,78.3
201,18,32,32,50.9,86.3
201,19,60.1,12.3,71.7,76.5
201,20,3.1,70.1,43.1,75.6
201,21,56.8,10,96.3,24.5
201,22,39.1,38.6,77.8,77.7
201,23,4.2,80.1,34.7,91.2
201,24,20.6,21.6,34.3,54.3
201,25,70.1,3.9,76.1,50.4
201,26,44,44,92,84.5
201,27,1.8,48.1,27.8,51.5
201,28,2.1,70.2,17.3,80
201,29,33.6,33.5,61.4,74.2
201,30,50.1,2.5,53.2,44.4
201,31,40.4,40.4,78.2,83.7
201,32,6.4,60,50.7,68.7
201,33,12.3,40.1,31.2,66.3
201,34,18.8,19,29.5,52.4
201,35,26.8,30.1,43.1,79.8
201,36,25.6,26.1,36.7,86.4
201,37,55.7,20,95.6,48
201,38,30.8,29.1,85.9,45.4
201,39,34.8,33,94.1,52.4
201,40,10.1,46.6,42.7,61.1
201,41,32.3,30,65.9,58.9
201,42,35,33.7,65,73.1
201,43,4.1,69.9,25.8,83.2
201,44,70.1,8.8,85.8,48.5
201,45,10.3,49.5,32.3,72.7
201,46,37.7,38,67.3,86.6
201,47,39,38.6,79.4,76
201,48,25.4,44,58.5,77.9
201,49,36,33.9,58.9,87.4
201,50,16.1,9.9,82,12.4
202,1,29.7,30,55.7,64.3
202,2,16.6,23,22.5,87.9
202,3,22.2,31.6,46.7,60.4
202,4,49.3,34.1,89.8,75.8
202,5,33.2,49.7,76.4,88
202,6,24.9,41.1,52.8,77.9
202,7,13.3,50.2,28.1,95.4
202,8,30.8,25.4,62,50.5
202,9,39.5,8.8,84.4,16.7
202,10,9.6,22.1,13.7,73.9
202,11,33.8,36.9,59.6,85.4
202,12,29.2,18,50.2,43.2
202,13,30.5,29.1,55.9,64.1
202,14,36.2,25.9,69.7,53.9
202,15,15.4,40,34.6,72.2
202,16,51.7,4.9,97.7,10.6
202,17,9.4,38.7,18.7,78
202,18,64.5,10.3,93.3,33.4
202,19,34.5,30.3,67.2,62.4
202,20,23.7,36.4,52.4,66.6
202,21,50,33.7,95.2,71.1
202,22,36.2,39,70.5,80.3
202,23,39.8,14.8,80.5,29.4
202,24,7.3,50,16,92
202,25,44.9,42.6,84.1,91.4
202,26,40.3,50.5,83.7,97.5
202,27,29.2,33,57.1,67.6
202,28,41.7,26.5,85.2,52
202,29,15.7,52.2,40.2,85.8
202,30,41.2,40.7,81.5,82.5
202,31,49.2,46.3,99.1,92.1
202,32,15.5,41.9,30.9,84.1
202,33,5.9,39.7,16.3,62.3
202,34,11.8,79.2,98.6,90
202,35,29.5,61.4,95.2,89
202,36,38.4,54.8,95.4,91.8
202,37,34.8,8.9,59.3,21.7
202,38,31.7,24.3,62.1,49.8
202,39,27.2,6.3,59.8,11.6
202,40,40.5,48.9,84.3,94.2
202,41,46.6,50,96.2,97
202,42,39.4,14.3,79.9,28.4
202,43,31.5,44.3,66.9,83.8
202,44,15.1,39.5,54.1,54.9
202,45,22.1,41.4,52.9,71.2
202,46,44.9,20.5,77.2,49.2
202,47,8.3,70.3,47.1,85.4
202,48,9.7,14.3,13.5,51
202,49,52.7,28.2,94.9,63.6
202,50,23.4,24.1,81,34
203,1,28,40,50.1,90.8
203,2,30,29.4,54.1,66.1
203,3,20.1,20.3,59.1,30.9
203,4,19.6,18,56.8,27.5
203,5,45.1,44.6,89.7,89.7
203,6,30.3,20.1,59.7,40.9
203,7,20,19.7,72.1,27.3
203,8,42,22,97.2,38.9
203,9,40.2,42,95.3,72.8
203,10,43,43.7,79.3,95.5
203,11,40,35.8,81.5,70.4
203,12,30.1,20.6,56.3,44.4
203,13,40,37.4,71.5,85
203,14,40,26.2,96,45
203,15,10.2,11.1,57.2,13.6
203,16,30.4,30.2,53.9,69.3
203,17,40,40.4,75.1,86.6
203,18,43.9,50,94.5,93.4
203,19,42.7,30,65,87.7
203,20,50.2,0,50.2,10.2
203,21,40,27.6,79.9,55.4
203,22,30.7,40.8,61.9,81
203,23,40.2,28.8,85.7,54.3
203,24,40.2,34.8,89.5,63.2
203,25,30.3,41.9,57.6,88.5
203,26,30,21.8,91.9,32.4
203,27,28.8,40.1,59.9,77.4
203,28,40.1,34.3,99.6,57.5
203,29,30,44.2,83.6,69
203,30,0,90.8,21.7,90.8
203,31,19,20.6,26.4,73.5
203,32,30.1,40,56.6,85.5
203,33,64,30.1,95.2,92.1
203,34,0,100,15.9,100
203,35,35.8,30.1,55.5,85
203,36,40,28.3,71.4,64.5
203,37,40.3,18.9,77.5,39.5
203,38,40.1,39.4,79.3,79.9
203,39,57.9,0,57.9,11.6
203,40,10.2,22.1,55.3,27.1
203,41,39.3,40.1,68.9,93.4
203,42,40.1,39.3,78.7,80.3
203,43,30.3,26,51,64.2
203,44,30.6,32,52.8,76.3
203,45,30,28.7,53.3,65.8
203,46,24.7,30,45.3,66
203,47,20.2,30.4,45.7,54.6
203,48,42.8,44.2,97.2,79
203,49,20,27,39.2,55.2
203,50,30.2,34.5,76.4,57.2
204,1,29.3,29,74.4,48
204,2,20.2,19,66.7,27.3
204,3,30.1,29.9,85.7,46.1
204,4,54.9,25.1,97.6,57.4
204,5,25.1,45.9,51.1,90.4
204,6,32.6,32.6,71.4,60.1
204,7,33.2,34,72.6,62.8
204,8,35,40.4,82,70.6
204,9,29.5,25,47.6,66
204,10,48.1,33.4,72.8,98.5
204,11,25.2,38.3,73,58.5
204,12,48.1,31.2,73.3,90.8
204,13,18.8,19.5,25.7,73
204,14,20,45.3,36.6,99.9
204,15,34,34.1,73,63.9
204,16,25.1,25.3,72.5,38.8
204,17,45.7,32.8,79.6,77.1
204,18,41.6,30.6,73.3,70.9
204,19,30.2,43.6,82.1,69
204,20,30.2,55,69.8,97
204,21,20.3,21.8,92.2,28
204,22,60.4,30,98.3,78
204,23,42.5,30,75.2,69
204,24,53.1,30,92.3,70.7
204,25,19,19.6,76.5,26.1
204,26,30.2,60.3,85.3,93.4
204,27,35.6,32.6,56.3,88.9
204,28,25.8,20.3,93.2,28.2
204,29,82.7,0,82.7,17.1
204,30,26,24.4,81.8,35.8
204,31,0,64.3,16.6,64.3
204,32,30.2,52.4,74.2,88.4
204,33,51.6,30.9,83.6,80.8
204,34,30.4,60.4,85.7,93.7
204,35,29.3,29,90.2,43.1
204,36,29.3,29.4,87.6,44.2
204,37,20.1,23.3,31.2,65.6
204,38,27.8,39.3,56.2,77.9
204,39,20,27.8,32.9,71
204,40,43.2,30.6,69.6,80.9
204,41,40,28.4,70.3,66.1
204,42,54.5,37.7,95.2,88.3
204,43,34.5,30.1,80.8,52.7
204,44,20.4,20.1,78.2,27.2
204,45,0,60.3,19.6,60.3
204,46,33.3,30.4,96.6,46.4
204,47,15.7,15.9,20.7,66.2
204,48,47.5,46.2,96.6,90.9
204,49,42.2,40.4,87.6,78.1
204,50,28.6,29.5,52.5,64.9
205,1,49.5,10,61.9,50.1
205,2,43.1,10,91,19
205,3,84.9,10,95.1,93.4
205,4,10,42.8,30.1,64.2
205,5,10,78.2,60.1,93.9
205,6,10,54.8,24.9,91.7
205,7,49.1,10,59.1,59.2
205,8,10,64.9,32.3,94.1
205,9,10,80,75.9,92.2
205,10,10,44.2,19.4,91.4
205,11,9.9,9.8,11.9,58.6
205,12,76.1,10,86.2,86.2
205,13,69.1,10,81.8,64.8
205,14,61.5,10,81.1,41.6
205,15,86.8,10,99.4,79.2
205,16,80.4,10,91.2,84.7
205,17,10,40.2,19.5,82.7
205,18,10,84.3,89.3,95
205,19,10,37.7,38,51.2
205,20,10,48.8,21.5,91.4
205,21,10,38.5,17.8,88
205,22,10,81.4,85.7,92.2
205,23,44.3,10,81.7,21.9
205,24,39,10,61.5,27.5
205,25,10,69.3,52.7,85.6
205,26,38.9,10,54.3,35.5
205,27,10,53.3,44.6,68.8
205,28,10,45.3,29.2,69
205,29,10,71.6,59.1,86.2
205,30,10,29.8,20,59.7
205,31,78.9,10,95.9,56.5
205,32,62.3,10,72.4,71.9
205,33,35.6,10,50.5,34.2
205,34,86,10,98.1,81.8
205,35,10,55.5,51.1,69.1
205,36,10,88.1,97.8,98.2
205,37,87.1,10,99.7,79.5
205,38,62.9,10,73,72.7
205,39,10,21,13.6,79.4
205,40,71.5,10,89.9,49.2
205,41,66.5,10,83,50.6
205,42,10,29.4,21.1,56
205,43,69.4,10,80.6,72.2
205,44,55.7,10,70.3,48.5
205,45,56.6,10,69.8,53.1
205,46,10,71.8,68.3,84.2
205,47,69.3,10,81.2,68.4
205,48,76.9,10,93.9,55.6
205,49,85.2,10,97.1,82.2
205,50,10,66,60,79.3
206,1,33.9,33.7,72.3,63.5
206,2,24,50,65.7,78.9
206,3,38.7,60,98.8,98.7
206,4,16.7,24.6,31.2,53
206,5,16.6,30,26,83
206,6,41.3,30,84.8,58.5
206,7,30.1,38.1,58.4,78.7
206,8,30.8,35.4,53.6,83.4
206,9,50,29.4,88.3,67.9
206,10,21.1,30.1,31.1,93.7
206,11,41.7,41.6,95.6,73.8
206,12,26.3,30,53.5,59.2
206,13,25.7,30.2,39.2,87.7
206,14,30,18.1,52.1,42.7
206,15,27.2,36.1,50.6,78.2
206,16,29.5,39.3,54.1,86.6
206,17,28.7,28.7,56.1,58.8
206,18,35,30,74.9,56.4
206,19,30,35,53.8,79.3
206,20,23,30.1,47.4,58.5
206,21,40.1,31.6,92.5,55.8
206,22,18,16,55.1,23.8
206,23,20.9,21,53.9,34.4
206,24,30,24.8,58.5,51.1
206,25,38.7,29.9,72.9,63.9
206,26,30.1,44.3,54.5,99.1
206,27,10,10,84.3,11.4
206,28,28,30,43.3,85
206,29,38,30,98.6,48.9
206,30,21.8,21.6,83.2,29.4
206,31,37.5,29.5,80.4,55.4
206,32,20.6,19.9,67.9,28.7
206,33,44.7,30,86.8,61.9
206,34,24.9,24.1,92.5,33
206,35,20.4,24,35.1,57.5
206,36,33,33.1,64.1,68.3
206,37,24,42.3,45.8,89
206,38,20,50.1,92.7,63.9
206,39,31.1,35.1,51.5,88.7
206,40,30,28.3,61.6,55.3
206,41,19.6,18,52.7,28.7
206,42,28.3,30,52.8,64.7
206,43,50.1,28.5,95.3,60.2
206,44,53.9,30,88.1,77.3
206,45,30,22.8,89,34.4
206,46,22.4,39.5,42.5,83.6
206,47,23.5,29.9,40.1,72.4
206,48,26.2,20.1,98,27.5
206,49,33.6,40,71.4,75.7
206,50,40.2,34,88.2,62.6
207,1,1,68.4,11.7,74.9
207,2,54.5,20.4,81.4,62
207,3,9.5,70.1,52.7,85.6
207,4,84.1,9.7,98.4,67.2
207,5,43.6,9.9,58.5,39.2
207,6,34.1,34.1,67,69.6
207,7,65.5,10,82.3,49.1
207,8,10,57.5,48.6,72.5
207,9,9.9,86.8,81,98.9
207,10,10,43.9,38.7,59.3
207,11,10,75.9,46.2,96.9
207,12,78.9,10,92.3,69.5
207,13,39.5,40.2,68.5,95
207,14,30.7,30,63.9,57.8
207,15,40.4,8.9,59.8,27.5
207,16,9.1,71,39.9,92.1
207,17,10,69.2,63.7,82.1
207,18,35.7,34.6,70.2,70.6
207,19,0.1,97.9,26,98.3
207,20,0,94.7,17.4,94.7
207,21,31,31.6,77,53
207,22,36,36.4,81.5,65.3
207,23,41.9,41.9,73.4,97.7
207,24,81.2,0,81.5,21.4
207,25,32.6,32.5,58.7,73.1
207,26,39.4,39.2,76.5,81
207,27,33.1,33.3,70.3,63
207,28,25.5,25.7,43.8,61.7
207,29,96,0,96,18.5
207,30,34.7,34.7,91.5,56
207,31,37.8,37.9,96.1,62.5
207,32,27.5,27.7,53.5,57
207,33,66.6,0,66.6,20.3
207,34,81.6,0.4,82.7,33.1
207,35,41.9,41.4,80,87.1
207,36,26.6,45.4,58.2,83.8
207,37,42.2,41.9,87.6,80.9
207,38,10,67.5,50.3,84.3
207,39,10.1,73.3,55.3,89.7
207,40,0,88,33.2,88
207,41,32.3,32,67,61.8
207,42,81.5,0,81.5,13.5
207,43,61,0,61,22.4
207,44,94.4,0,94.4,19.7
207,45,30.9,29.9,68.5,54.6
207,46,0,99.3,42.2,99.3
207,47,59,0,59,18.8
207,48,65,20.4,90.6,72.4
207,49,12,50.2,46.7,67.6
207,50,52.4,20.4,78.9,60.9
208,1,20.1,47.3,62.3,69.9
208,2,64.2,29.9,97.5,87.7
208,3,75.4,13.4,93.4,69.6
208,4,28.5,37.6,56.8,75.5
208,5,54,21.7,85.2,59.5
208,6,45.9,45,85.4,97.4
208,7,52.4,32.5,95.1,72.6
208,8,40.7,10.2,94.7,18
208,9,22.1,60.8,84.4,82.5
208,10,67.7,19.7,94.9,68.9
208,11,30.5,24.6,64.7,46.6
208,12,20.6,37.8,54.1,61.2
208,13,42.1,31.6,74.4,72.9
208,14,27.2,12.3,56.5,23.9
208,15,22.4,43,65.5,65.4
208,16,36.7,31.5,83.5,56.3
208,17,60.3,10.4,92.7,29.8
208,18,42.6,30.6,65.9,86.6
208,19,74.4,0.2,76,11.3
208,20,25,21.1,56.7,37.8
208,21,20.3,32.3,61,48.5
208,22,15.1,36.2,28.8,76.1
208,23,27,40.7,49.4,89.8
208,24,40.5,26.8,62.4,76.5
208,25,8.5,35,20.5,59.9
208,26,4.7,49.8,18.4,66.9
208,27,64.7,0.7,68.2,15.3
208,28,49.7,49.7,99.6,99.4
208,29,44.9,25.2,70.8,69.1
208,30,21.2,32.3,40.6,67.7
208,31,60,5.7,81.2,22.1
208,32,35.2,25.3,67.3,53.1
208,33,34.3,49.7,68.5,99.6
208,34,20.3,23.2,34.4,56.8
208,35,6.7,60.7,21.3,88.6
208,36,69.1,19.4,95.2,71
208,37,21.1,32.9,48.2,58.6
208,38,22.2,27.8,56.8,45.7
208,39,33,32.6,64,67.4
208,40,58.3,8.6,89.8,24.8
208,41,21.9,50.3,87.5,67.2
208,42,10.2,57.1,31.7,84.3
208,43,41,29.4,79.5,60.8
208,44,19.9,44.2,53.3,70.6
208,45,28.9,29,58.4,57.5
208,46,30.7,60.7,90.3,92
208,47,40.2,44.5,77,93.2
208,48,30,26.7,80.5,42.6
208,49,2.8,54.7,17.2,65.4
208,50,41.9,29.1,66,79.9
209,1,33.6,33.6,74,61.7
209,2,40.6,40.6,79,83.6
209,3,27.2,27.2,45,68.9
209,4,26.5,26.5,42,71.9
209,5,6.1,69.9,28.4,89.1
209,6,10,66.6,61.8,79.5
209,7,18.1,18.6,27.9,53.1
209,8,43,43,79.3,94.1
209,9,60.5,20,80.9,79.4
209,10,32.9,32.9,55.9,80
209,11,43.4,20.1,92.1,38.1
209,12,29.1,30.4,59.5,59.6
209,13,35.2,35.2,69.5,71.4
209,14,15,16.4,21.3,55.7
209,15,39.2,37.2,69.2,85.9
209,16,20,48.7,55.2,76.4
209,17,20.9,52.3,55.4,84.1
209,18,50.5,20.1,84.3,50.2
209,19,59.5,20,88.9,60.5
209,20,29.9,39.1,64,73.4
209,21,60.2,7.6,67.6,70.1
209,22,2.5,90.1,63.6,93.8
209,23,64.3,10.4,96.4,31.4
209,24,28,28,53.3,59.1
209,25,60.1,19.1,89.8,58
209,26,37.1,18.2,68.7,39.7
209,27,20.1,70.6,72.1,98
209,28,0.2,68.1,13.8,69.2
209,29,34.5,39.7,68.6,80
209,30,46.2,19.8,81.7,45.7
209,31,38.2,30,76.2,60.3
209,32,10.2,77.1,48.1,97.9
209,33,26.3,26.2,55,50.4
209,34,70.1,8.5,83.5,53.5
209,35,14.9,29.8,29.7,60
209,36,42,25,75.4,56.5
209,37,39.2,20,74,42.7
209,38,33.2,33.1,67.6,65.2
209,39,20.1,51.9,48.2,89.1
209,40,36.7,36.7,77.7,69.7
209,41,50,48.5,99.5,97.5
209,42,10.1,69.3,34.4,98.2
209,43,40.9,40.6,79.1,84.1
209,44,50.4,20,92.2,44.2
209,45,40,9.8,66.3,24.8
209,46,28.6,10,61.4,18.8
209,47,40.3,40,81,79.8
209,48,50.1,16,93.4,34.7
209,49,40.3,40.6,84.6,77.6
209,50,60,5,79.6,20.4
210,1,45.9,43.3,98.9,80.8
210,2,21.6,35.3,40.6,75.6
210,3,28.4,25.7,75.8,41.2
210,4,34,33.7,71.3,64.5
210,5,26.7,26.9,61.2,47.8
210,6,17.6,17.6,79.8,22.6
210,7,37.3,36.1,60.9,93.4
210,8,25.6,26.3,81.9,38.3
210,9,10.9,27.3,19.1,63.6
210,10,42.6,29,96.9,51.9
210,11,48.3,48.6,94.3,99.8
210,12,41.3,41.8,74.1,94.6
210,13,31.3,37.2,52.9,91.2
210,14,21.6,26.4,31.1,86.5
210,15,15.7,34.7,27.8,79.8
210,16,36.3,36.4,71.3,74.2
210,17,29.2,29.3,61.1,56.3
210,18,24.5,44.5,51.9,84.4
210,19,11.8,29,20.3,69.4
210,20,37.8,37.4,80.6,70.6
210,21,35.1,35.3,64.5,77.5
210,22,43.3,42.5,94.9,78.2
210,23,19,17.7,55.6,27
210,24,13.1,14.5,16.8,66
210,25,36.7,36.6,64.4,85.3
210,26,33.4,33.8,75.8,60.6
210,27,31.1,29.1,77,48.9
210,28,37,36.9,85.5,65.2
210,29,16.4,15.6,56.5,22
210,30,46.6,46.7,87.6,99.9
210,31,18.7,18.5,53.1,28.7
210,32,31.1,31.4,62.6,62.5
210,33,20.3,19.6,27.9,72.3
210,34,23.4,23.3,38,60.8
210,35,24.3,24.2,46.7,50.5
210,36,17.2,19.4,23,77.3
210,37,32.8,32.4,50.2,93.5
210,38,32.2,32.9,89.3,51.5
210,39,17.3,17.1,50.9,26
210,40,18.6,18.9,58.2,27.8
210,41,25.6,25.8,62.5,43.8
210,42,42,42,73.6,97.9
210,43,43.5,43.6,89.8,84.7
210,44,42.2,42.1,80.8,88.2
210,45,28.9,28.9,57.5,58.2
210,46,10.2,13.2,12.1,84.2
210,47,26.2,26,95.1,35.9
210,48,34.4,34.4,55.7,90
210,49,26.1,26.1,35.6,98
210,50,28.1,27.8,47.9,67.3
211,1,38.5,11.8,48.3,58.6
211,2,17.8,10.9,96.5,13.4
211,3,12,51.4,38.4,74.9
211,4,64,3.5,67,80.3
211,5,9.7,68.9,39.1,91.7
211,6,0,63.9,18.8,63.9
211,7,60.2,27.8,89.3,85.5
211,8,12.4,34.5,28.5,61.1
211,9,11.3,40.7,74,48.1
211,10,27.4,39.1,55.8,76.9
211,11,27.2,27.2,95.3,38.2
211,12,51,1.1,51.6,99.2
211,13,7.7,69.8,69.1,78.6
211,14,61.7,5,65,99.8
211,15,3.9,64.9,68.7,68.9
211,16,19.2,41.2,41.7,76.5
211,17,42.2,17,60.5,56.4
211,18,33,55.4,74.3,99.7
211,19,50.7,31,75.2,95.3
211,20,10,41.3,22.3,74.9
211,21,22,11.1,27.6,55.1
211,22,6.1,83.9,50.3,95.5
211,23,54.9,9.6,80,30.9
211,24,48.4,33.9,79.9,86
211,25,29.3,48.2,82.6,74.7
211,26,60.3,25.2,98.4,65.1
211,27,10,54.7,72.3,63.5
211,28,20,61,71.9,84.6
211,29,29.9,39.6,74.7,66.1
211,30,15.9,21.7,24.9,60.2
211,31,40,39.7,75.4,84.6
211,32,50,13.8,70.6,47.3
211,33,60,2.3,66.7,23.7
211,34,7.7,73.3,71.9,82.2
211,35,65.1,9.1,77.9,55.8
211,36,24,33.4,40.4,82.5
211,37,15,40,83.2,48.9
211,38,76.1,0,76.1,58.1
211,39,47.3,20,88.5,43
211,40,25.4,29.9,39.3,84.8
211,41,32.8,41.8,87.4,67
211,42,10,56.1,64.7,66.4
211,43,50.1,18.9,81.1,49.6
211,44,34.1,34.5,69,68.4
211,45,60.1,23.5,87.8,74.8
211,46,20.4,28,40.2,56.9
211,47,24.3,58.5,67.5,91.5
211,48,45.1,1.6,53,10.9
211,49,14.6,57,67.8,72.7
211,50,15.1,13.7,18.4,76.5
212,1,35,40.7,67.9,84.2
212,2,16.7,13.7,63,18.7
212,3,33.1,35.1,82,59
212,4,10,36.4,19.3,75.6
212,5,38.1,39.9,70.4,87
212,6,29,25.1,78,40
212,7,30.1,24.4,62.1,47.4
212,8,30.2,43.9,72.5,75.3
212,9,20.1,48.3,43.5,89.9
212,10,41.8,43.4,77.5,94.3
212,11,50.2,47.2,100,94.8
212,12,50.1,28.8,93.4,62.3
212,13,20.2,35.7,43,67.5
212,14,35.1,37.1,73.6,71
212,15,41.1,43.1,98.9,73.8
212,16,39.8,34.7,83.8,66.1
212,17,20.2,45.9,64.6,66.9
212,18,34.4,29.5,53.3,83.2
212,19,30.1,33.3,52.1,79
212,20,30.3,31.8,73.2,54.3
212,21,31.4,35.5,55.9,81.1
212,22,30.3,31,74.9,52.2
212,23,20,42.2,46.1,74.7
212,24,49.9,47.7,98.8,96.4
212,25,9.7,29.6,15.8,76.7
212,26,29.9,47.9,66.6,87.1
212,27,16.4,16.5,19.7,98.8
212,28,33.2,32.1,53.6,84.5
212,29,41.5,40.3,89.3,75.3
212,30,39.3,33.4,89.4,59.6
212,31,40,36.5,91.9,64.8
212,32,21.8,24.7,34.1,68.5
212,33,39.8,35.5,81.9,69.2
212,34,43,14.9,92.5,27.9
212,35,10,64,51.5,79.5
212,36,60.1,9.5,96.3,25.5
212,37,32.9,40,67.8,77.9
212,38,30.3,10.6,73.7,18.1
212,39,40.1,46.3,90.5,83.2
212,40,22.6,54.9,53.5,95.1
212,41,3.3,59.8,13.8,78.7
212,42,30.2,47.7,67.1,86.8
212,43,13.1,40,24,88.2
212,44,84.4,0,84.4,11.3
212,45,74.6,0,74.6,11.9
212,46,28.5,50,68.6,85.6
212,47,70.3,13.8,98.3,48.6
212,48,10,47.9,31.4,70.3
212,49,24,59,61.4,97
212,50,25.3,61.9,68,98.7
213,1,48.1,48,96.2,96.1
213,2,80,15.8,99.9,79.8
213,3,70.1,3.4,74.5,58.7
213,4,20.1,60.5,60.7,90.5
213,5,28,29.4,50.2,66.5
213,6,60,4.9,74.9,25
213,7,24,22,82.1,31.2
213,8,54,30,89.2,76.1
213,9,37.1,39.9,65.9,91.5
213,10,28.6,20,85.9,30
213,11,30.3,34.6,50.4,86.9
213,12,0,50.9,10,50.9
213,13,41.2,30,83.6,59.2
213,14,37.8,30,86.7,53.2
213,15,30,48.8,68.7,86.7
213,16,26,26.1,72.5,40.8
213,17,30,55.5,74.1,93.4
213,18,30,58.7,74.7,98.2
213,19,30,36.3,52,86
213,20,23.1,23,55.5,39.4
213,21,69,0,69.3,19.4
213,22,20,41.7,35.8,94.6
213,23,30.1,38.5,60,77.4
213,24,55.8,0,55.8,18.9
213,25,99.7,0,99.7,12.2
213,26,23.9,23.9,53.7,43.1
213,27,30.1,50,74.6,83.9
213,28,28.1,28.1,56.4,56.2
213,29,30.1,44.7,69.7,78.7
213,30,30,30,73.8,50.6
213,31,30.1,30.4,48.8,79.4
213,32,98.2,0,98.2,14.9
213,33,39.5,30.1,87.9,54.7
213,34,40.2,38.4,81.2,76.2
213,35,53.5,30,89,75.4
213,36,18.8,10,65.9,14
213,37,35.6,30,88.8,50.2
213,38,17,16.9,22.7,67.6
213,39,42.5,30,76,68.1
213,40,30,49.5,75.4,82.3
213,41,50.6,30,96.6,63
213,42,33.7,30.1,73.6,55.6
213,43,46.6,30,94.5,59.3
213,44,23.9,23.9,55.3,42.2
213,45,21.8,21.8,71.7,31.4
213,46,30,37.5,60.6,74.4
213,47,32.6,32.7,65.2,65.4
213,48,30,55.2,74.1,92.9
213,49,22.1,22.7,32.5,71
213,50,36.1,36.2,71.7,73.1
214,1,44,44.1,84.2,92.5
214,2,36.9,36.9,70.1,78
214,3,29.7,29.7,58.8,60.1
214,4,42.6,42.6,75.6,97.7
214,5,37.8,37.7,62.8,94.9
214,6,66,20,96.3,63.6
214,7,44.7,44.7,93.5,85.7
214,8,26.3,40.1,57.9,73.5
214,9,32.6,32.6,63.6,67
214,10,45.8,30,85.6,64.7
214,11,31.3,30,72.2,53.1
214,12,60.5,30,99.2,77
214,13,23.8,10,52.2,18.5
214,14,30,54.2,74.2,91
214,15,42,30,72.6,71.3
214,16,30,24.4,57.5,51.1
214,17,52.7,30,92.8,69.6
214,18,30,59.2,81.8,93.6
214,19,24.9,30,43.6,70.1
214,20,30.3,20,97.8,29
214,21,30,42.5,69.2,75.1
214,22,49.3,30.1,84,73
214,23,30,44.1,66.9,80
214,24,41.4,30,86.8,57.4
214,25,10,38,26.6,61
214,26,30,55.4,82,87.5
214,27,21.4,30,35.3,76.2
214,28,38.7,30,91.1,52.2
214,29,43.9,30,93.2,56.8
214,30,37.4,30,93.6,50
214,31,30,22.6,65.8,41.7
214,32,56,30,94.8,73.4
214,33,10,38.4,27.9,59.9
214,34,30,51.2,73.3,86.8
214,35,30,23.5,81.6,37.2
214,36,27.5,30,57,58
214,37,30,36.2,55.2,79.4
214,38,10,43.8,18.2,97.4
214,39,30,33.9,54.8,75.1
214,40,56.1,10,96.9,23.9
214,41,30.1,30,43.6,96.9
214,42,30,56.7,75.9,93.9
214,43,21.5,21.6,87.5,28.7
214,44,30,19.6,56.9,41.5
214,45,10,27.3,19,57.7
214,46,21.2,30.1,33.9,80.5
214,47,30,50.7,78.3,82.2
214,48,15.8,20,25.2,53.8
214,49,34.4,15,86.9,24.9
214,50,29.9,30,72.7,51.1
215,1,9.8,9.7,52.7,12
215,2,40.4,36.8,91.6,65.9
215,3,15.5,10.1,18.5,62.5
215,4,40,26.5,57,88.9
215,5,30.2,25.6,40.7,99.3
215,6,41.2,42.1,86.5,80.4
215,7,38.7,42.9,86.6,77.7
215,8,50.1,5.2,64.7,23.3
215,9,30,22,42.2,76.1
215,10,50,25.8,70.2,90
215,11,23.7,27.4,34.8,86
215,12,27.9,27.7,56.3,55.1
215,13,30,13,55.5,28.4
215,14,40.5,27.2,58,90.2
215,15,2.1,50,18.6,56.4
215,16,49.9,22.5,67.1,87.8
215,17,70.1,5.7,82.8,37.5
215,18,88.2,0,88.2,72.6
215,19,50.3,10.3,69.9,37
215,20,50,15.5,74.4,47.5
215,21,27.5,40,58.3,75.8
215,22,23.3,40.1,55,69.7
215,23,54.5,39.9,98.7,89.2
215,24,76.4,0,76.4,12.8
215,25,10.3,37.8,29.6,58.1
215,26,16.1,74.3,63.4,99.7
215,27,84.3,0,84.3,27.1
215,28,0,98.8,42.5,98.8
215,29,95.7,0,95.7,14.4
215,30,40.2,40.4,81.7,79.6
215,31,30.2,39.6,58.7,81.7
215,32,26.4,44,55,84.8
215,33,77,0,77,19.7
215,34,99.1,0,99.1,33.2
215,35,50.1,27.8,85.7,67.1
215,36,40.6,40.5,80,82.4
215,37,35.2,38.1,68.4,78.6
215,38,96.9,0,96.9,33.9
215,39,84.6,0,84.6,23.3
215,40,48.3,48.3,97.7,95.6
215,41,91,0,91,25.8
215,42,0,95.4,35,95.4
215,43,40.6,24,72.1,55
215,44,0,88.8,20.3,88.8
215,45,26.3,25.9,51.9,52.7
215,46,50,0,50,13.4
215,47,37.8,41.1,69,91.1
215,48,34.5,44,64.3,95
215,49,34,21.4,72.3,40.4
215,50,35,32.5,68.4,66.7
216,1,60.2,8.1,78.3,35.2
216,2,33.3,10,54.1,26.1
216,3,20,66.9,64.9,96.8
216,4,30,37.8,66.2,69.2
216,5,0,98.4,12.4,98.4
216,6,47.8,36.2,90.1,77.2
216,7,20,60,60.3,89.9
216,8,44.1,19.9,66.9,58.5
216,9,51.4,10,78.3,29.3
216,10,10.1,35.2,33.5,50.5
216,11,6,75.8,26.5,98.1
216,12,53.6,0,53.6,14.4
216,13,40,37,79.5,74.5
216,14,61.7,10,78,48.3
216,15,86.5,0,86.5,15.3
216,16,30,15.5,50.2,38.6
216,17,42.8,20,70,51.5
216,18,46.3,30,82.1,68.8
216,19,22.5,26.9,47.8,51
216,20,41.4,20,67.5,51.9
216,21,67.8,10,96.2,34.1
216,22,47,47.1,94.7,93.7
216,23,10,42.4,36.5,58.4
216,24,8,63,27.6,88.8
216,25,30,7.9,54.7,17.6
216,26,6,50.3,19.8,72.2
216,27,0,59,13.2,59
216,28,68,0,68,22.7
216,29,10,50.8,32.9,73
216,30,70.6,0,70.6,10.4
216,31,84.9,0,84.9,16.7
216,32,20,62,62.8,91.1
216,33,10,35.9,33.5,51.2
216,34,40,31.4,73.5,69
216,35,34,10,51,30
216,36,50,19.3,75.3,57.5
216,37,0,73.3,10.4,73.3
216,38,69.6,0,69.6,12.4
216,39,40.1,16.6,61.9,47.3
216,40,69.1,0,69.1,20.4
216,41,32.3,46.5,69.3,87.2
216,42,10,78.7,50.5,98.2
216,43,70.2,20,98.1,70.4
216,44,62.2,8,80.3,35.8
216,45,40,22.4,72.2,50.3
216,46,36,52.8,81.3,94.8
216,47,56.3,24.8,90.9,65.2
216,48,37.2,51.5,82.5,93.8
216,49,27.3,29.1,55.5,57.3
216,50,30,48,71.2,83.1
217,1,27.2,29,38.6,98.4
217,2,30,35.8,53.1,82.4
217,3,45.7,11.2,81.1,25.8
217,4,45.2,20.1,71.1,55.4
217,5,35.1,35.1,75.7,65.5
217,6,10.1,51,35.4,71.4
217,7,12.1,12.2,14.8,67.2
217,8,36.2,36.2,74.3,70.6
217,9,32.5,30,72.9,54.3
217,10,31.5,31,64.7,60.5
217,11,50,27,88,62.7
217,12,21.2,21.1,50.1,36.6
217,13,24.4,49.9,68.1,77.8
217,14,40.8,2.5,54.8,10.1
217,15,40.2,19.1,90.9,34.3
217,16,12.9,49.3,34.4,78.9
217,17,32.3,50.1,65.8,98.5
217,18,38.7,40.1,68.7,92
217,19,30.4,30.4,72.3,52.5
217,20,21,60.2,65.4,88.8
217,21,56.1,29.8,93.8,74.3
217,22,80.3,0,80.3,15.1
217,23,38.6,51.6,84.4,95.2
217,24,40.6,33.6,91.7,60.4
217,25,30.1,55,91.5,82
217,26,38.5,34.9,95.3,58.6
217,27,35,34.8,85.2,59.1
217,28,65.4,5,93.6,16.9
217,29,43.1,43,94.2,79.3
217,30,23.1,48.7,51.2,88.9
217,31,31,30.4,52.1,75.2
217,32,6.2,69.8,22,97.3
217,33,3.8,50.2,17,64.7
217,34,51.3,1.6,58.6,13.3
217,35,30.4,30.6,46.8,87.5
217,36,35.5,26.3,74.4,50.4
217,37,54.7,17.5,86.7,47.5
217,38,42.2,42.6,79.9,90.3
217,39,21.1,30.2,35.5,74.6
217,40,42.1,10.4,64.4,30.3
217,41,36.7,37,65,85.2
217,42,44.4,44.4,96.6,82.3
217,43,50,15.8,89.7,35.7
217,44,40.6,40.3,69.2,97.7
217,45,2.2,70.3,16.3,81.3
217,46,10,52.7,31.4,77.4
217,47,39.5,38.2,70.6,86.9
217,48,40.1,32.8,96.1,56.3
217,49,5.7,59.7,20.1,83.4
217,50,40.2,3.3,52.2,14.4
218,1,3.1,60.1,10,87.2
218,2,48.3,39.9,85.7,91.5
218,3,50.1,26.5,83.1,66.8
218,4,70,16.3,99.3,55.5
218,5,10.2,75.3,69.8,88.2
218,6,10,41.3,29.5,62.6
218,7,34.8,44.1,62.6,99.4
218,8,10,43.9,44.6,56.6
218,9,75.7,10,87.8,72.7
218,10,46.4,10,59.6,45.2
218,11,10,83.7,66.9,98.5
218,12,10,29.9,24.2,51
218,13,10,52.9,49.2,66.5
218,14,10,73.9,52.9,91.2
218,15,83.9,10,98.9,66
218,16,10,24.5,15.7,67.5
218,17,82.2,10,93.9,80.4
218,18,10,17,13.8,61.9
218,19,78.4,10,91.4,70.8
218,20,48.2,10,68.9,33.4
218,21,10,14.5,11.7,99.8
218,22,86.1,10,99.2,76.4
218,23,55.2,10,66,61.4
218,24,79.6,10,90,86.7
218,25,61,10,74.3,56.3
218,26,10,85.6,86.5,96.9
218,27,10,72.6,70.9,84.6
218,28,10,22.1,13,95.9
218,29,74.5,10,93.5,49.4
218,30,67.2,10.1,79.7,64.6
218,31,72.9,10,92.5,47.6
218,32,10,40.6,20.7,78.6
218,33,78.2,10,91.7,68.4
218,34,10,62.2,41.3,82.1
218,35,69.8,10,84.2,59
218,36,69.6,10,83.4,60.7
218,37,10,79.4,79.6,90.9
218,38,79,10,95.7,57.4
218,39,71.6,10,85.2,62.9
218,40,10,53.3,40.9,70.6
218,41,75,10,86.9,73.7
218,42,9.9,9,70.6,10.5
218,43,10,49.2,46.2,62.8
218,44,10,74.6,47.6,94.5
218,45,10,78.7,84.2,89.4
218,46,51.8,10,65.9,47.1
218,47,10,14,12,84.3
218,48,46.2,10,87.1,21.5
218,49,68.6,10,87.5,46.6
218,50,10,53.1,38.6,71.8
219,1,33.2,33.2,64.8,68.2
219,2,35,26.1,69,53
219,3,47.6,44.6,96.1,88.5
219,4,35.6,29.6,70.8,59.6
219,5,0,50.2,15.7,50.2
219,6,0,61.6,18.9,61.6
219,7,31.5,51,72.3,90.5
219,8,45,36.4,90.8,72.2
219,9,35.1,21,69.7,42.4
219,10,60.9,0,60.9,14.3
219,11,40.1,23.1,81.5,45.5
219,12,26,25,56.3,46.5
219,13,31,21,71.4,37.2
219,14,10.1,44,26.6,71
219,15,44.9,30,89.6,60.2
219,16,33.3,40,69.6,76.7
219,17,29,44.4,57.3,89.9
219,18,26,23.8,51.6,48.1
219,19,29.3,33,59.5,65.1
219,20,0,70.3,10,70.3
219,21,33,29.3,68.7,56.5
219,22,36.8,32,73.9,63.9
219,23,50,37.2,98.6,75.6
219,24,50,35,99.6,70.4
219,25,39,27.3,79.4,53.7
219,26,40.7,46,83.6,89.8
219,27,26,19,51.3,38.6
219,28,20.1,37,35.5,85.5
219,29,27,23.3,56.4,44.8
219,30,27.5,40.1,55.6,79.4
219,31,39.1,45,79.1,89
219,32,0,83.9,24.9,83.9
219,33,20.2,27,43.2,50.8
219,34,35.2,15.2,68.8,31.2
219,35,0,74,12,74
219,36,30.3,19,71.3,33.2
219,37,28.9,26,55.8,54
219,38,20,56.2,46.3,99.1
219,39,64,0,64,21.2
219,40,32.1,20,93.4,30.6
219,41,20,36.5,42.9,68.5
219,42,30,20.4,93.1,30.2
219,43,40,29.2,79.9,58.6
219,44,56.4,0,56.4,11.9
219,45,50.5,0,50.5,12.5
219,46,26,42.6,52.2,85
219,47,33,28.7,66.8,56.9
219,48,38,22.6,72.3,47.8
219,49,49,44.5,98.5,88.6
219,50,27,23.6,55.2,46.2
301,1,28.4,12.2,85.9,18.3
301,2,32.2,33.7,58.8,74.5
301,3,34.2,34.1,70.4,66.5
301,4,31,31,58.3,66.4
301,5,32.8,14.7,93.4,22.7
301,6,54.4,30,91.5,74.1
301,7,88.9,0.4,92.9,10.7
301,8,33.6,21.9,77.4,38.8
301,9,17.6,36.7,50.4,56.4
301,10,24.5,24.6,43,57.3
301,11,36.6,44.7,68.8,95.7
301,12,33.5,27.1,70.3,51.9
301,13,37.9,50.3,83.7,92
301,14,27.9,26.9,50.9,59.6
301,15,32.3,32.5,55,78.8
301,16,23,39.4,54.8,67.9
301,17,60.2,5,89.7,15.4
301,18,17.2,44.9,32.1,96.9
301,19,26.9,35.5,48.8,79.2
301,20,49.6,28.4,88.4,64.8
301,21,30.4,36.6,55.4,81.2
301,22,44.8,29.8,92,58.1
301,23,21.3,29.9,37.2,70.1
301,24,39.2,39.4,82,75.5
301,25,32.1,16.3,54.1,40.3
301,26,40.3,40.3,87.6,74.8
301,27,44,44.2,84.8,91.9
301,28,29.8,30.9,46.3,86.8
301,29,33.7,32,57.1,78.1
301,30,29.6,40.8,63.1,76.9
301,31,22,41.5,51.3,72.7
301,32,40.3,39.9,84.1,76.8
301,33,34.8,37.9,67.1,78.8
301,34,24.9,37.1,55.1,67.7
301,35,22.3,64,65.7,97
301,36,50.3,13.5,82.9,34.5
301,37,49,41.4,97.8,83.1
301,38,23.6,36.8,46.1,75.6
301,39,50.4,30.9,99.7,62.6
301,40,2.5,69.7,17.4,81.5
301,41,26.8,27.2,56,52.3
301,42,41.6,28.8,91.8,52.8
301,43,46.6,46.5,90.7,95.7
301,44,27.5,37.4,60.5,68.7
301,45,31,31.8,62.5,63.2
301,46,38.8,37.4,83.9,69.7
301,47,36.1,8.8,64.6,20.1
301,48,40.6,37,95.1,64.6
301,49,26.1,55,59.1,98.5
301,50,31.1,32.3,60.9,66.2
302,1,40.2,15.7,65.9,40.3
302,2,10.2,73.2,64.6,87
302,3,59.9,19.8,96.4,52.4
302,4,20,47.3,57.7,72.5
302,5,68.7,0,68.7,38.3
302,6,70,16.6,91.6,70.5
302,7,20.1,39.8,56.8,61.7
302,8,93.2,0,93.2,34.5
302,9,70.4,10,95.6,38.2
302,10,35.3,33,73.6,63.6
302,11,40.2,24.6,70.4,57.4
302,12,0,96.1,43.5,96.1
302,13,31.4,24.3,58.5,52.5
302,14,13,50.1,36.3,78.2
302,15,20.5,34,50.5,57.4
302,16,60.5,9.4,74.6,50.2
302,17,50.2,26.7,91.4,59.4
302,18,88.2,0,88.2,15.1
302,19,26.3,34.2,57.6,63.1
302,20,29.4,48.3,75.3,79.4
302,21,38,25.7,67.7,58.6
302,22,8.8,80,64.7,92.7
302,23,27.6,29.7,50.1,66.3
302,24,60.3,18.5,84.3,65.3
302,25,36.7,34.8,71.9,71.2
302,26,20.2,38.9,57.3,60.2
302,27,18.5,60,68.1,82.5
302,28,40,27.5,72.5,61.5
302,29,0,99.9,52.7,99.9
302,30,30.3,31.4,53.9,71.8
302,31,30.4,34.6,62.5,67.5
302,32,49.8,8.8,64.3,39.2
302,33,44.1,40,88.6,79.7
302,34,76.6,0.6,78.2,32.5
302,35,0.3,61,11.2,62.7
302,36,31,30.1,62.8,59.6
302,37,18.7,69.9,69.6,95.6
302,38,49.5,10.1,66,40.5
302,39,30.3,24.1,57.8,50.8
302,40,0,55.8,25.7,55.8
302,41,77.6,10.5,95.8,55.3
302,42,61.7,15.9,78.7,73.8
302,43,45.6,48.9,99.1,90.7
302,44,20,62.4,63.8,91
302,45,20.1,51.8,54.1,82.5
302,46,58.2,0,58.2,13.6
302,47,97.1,0,97.1,30
302,48,60.4,14.9,92.2,43.4
302,49,42.4,44.4,92.1,82.3
302,50,20,63.1,68.3,89.3
303,1,26.8,27.9,53.8,55.6
303,2,46.2,7.5,94.8,14.8
303,3,30.2,26.5,60.7,52.8
303,4,14.3,45.3,28,92.6
303,5,30,28.5,60.3,56.9
303,6,41.6,12.5,82.8,25.2
303,7,36.1,14.4,71.1,29.3
303,8,28.2,22.3,58.1,43.5
303,9,17.5,34.3,35.3,68.2
303,10,23.5,42,47.2,83.8
303,11,30.5,46,60.9,92.2
303,12,32.4,21.2,66.6,41.4
303,13,44.4,43.6,88.7,87.4
303,14,25,25.3,50,50.6
303,15,29.5,40,59.1,80
303,16,8.8,42.5,17.6,85.1
303,17,30.1,38.6,60.3,77.2
303,18,45.7,36,92.3,71.4
303,19,34.7,50,71.1,97.8
303,20,27.9,27,56.5,53.5
303,21,47.7,27.5,96.7,54.4
303,22,39.3,29.2,78,58.9
303,23,25.1,30.4,50.8,60.2
303,24,31.3,25.8,62.9,51.5
303,25,29.5,37,59.1,73.9
303,26,15,46.6,30,93.3
303,27,44.8,15,90.3,29.9
303,28,11.5,31.6,23.1,63.1
303,29,43.8,50,87.7,100
303,30,46.8,40,96.1,78
303,31,18.2,42.6,35.8,86.7
303,32,43.1,46.8,85.4,94.5
303,33,13.4,33.9,26.9,67.6
303,34,37.1,24.1,74.6,48.1
303,35,54.3,0,54.3,11.1
303,36,25.1,12.8,51.2,25.2
303,37,26.1,38.7,51.9,77.9
303,38,42.6,40.4,85.3,80.8
303,39,25.8,28.4,51.1,57.4
303,40,46.9,48.6,94.1,96.9
303,41,60.2,0,60.2,22.7
303,42,0,74.7,19.7,74.7
303,43,15.1,37.8,29.6,77.2
303,44,36.5,15,73.3,30
303,45,77.6,0,77.6,12.1
303,46,50,15.4,99.9,30.9
303,47,37.8,38.5,75.1,77.6
303,48,27.2,30.8,53.4,62.9
303,49,36.7,49.8,73.6,99.4
303,50,47.1,21.9,93.9,44
304,1,38.1,37.5,63,94.9
304,2,28.9,28.6,74.2,46.9
304,3,32.5,32.5,77,56.4
304,4,36.1,36.1,68.7,76.2
304,5,39.6,39.1,79.4,78.2
304,6,31.1,31.1,46.4,94.6
304,7,32.1,31.9,72.3,57.4
304,8,33.8,32.8,94.5,51.2
304,9,28.8,28.8,44.2,82.9
304,10,40.2,40.2,73.3,89.1
304,11,30.8,30.6,88,47.1
304,12,25.1,25.2,49,51.8
304,13,36.7,36.5,92.3,60.7
304,14,45.5,45.5,95.5,87
304,15,32,31.8,51.1,85.2
304,16,22.1,22,85.5,29.8
304,17,26.1,26.1,36.8,90.1
304,18,15.2,15.6,20.2,63.1
304,19,42.1,42.1,76.3,94
304,20,30,30,62.9,57.5
304,21,47.3,47.4,93.6,96
304,22,34,33.9,56.8,84.5
304,23,21.6,21.6,92.1,28.3
304,24,39.7,39.7,76.6,82.6
304,25,39.1,39.2,78,78.8
304,26,38.9,38.9,78.9,76.8
304,27,44,44,88.3,87.8
304,28,42,42.1,78.8,90.3
304,29,46.7,46.6,94.8,91.9
304,30,31.5,31.5,62.8,63.3
304,31,39.2,39.2,66,96.7
304,32,36.4,36.5,83.8,64.6
304,33,35.8,35.8,66,78.3
304,34,43.4,43.4,91.4,82.8
304,35,16.9,16.8,59.2,23.6
304,36,33.3,33.4,86.2,54.5
304,37,33.2,33.1,59.1,75.6
304,38,26.7,26.8,77.7,40.9
304,39,40,40.1,87.6,73.8
304,40,26.8,26.8,40.4,79.9
304,41,33.3,33.3,74,60.7
304,42,22.6,22.8,30.3,90
304,43,35.1,35.7,56.5,94.5
304,44,16.4,16.8,22.1,65.2
304,45,38.2,38.4,70.8,83.6
304,46,45.2,45.1,85.1,96.4
304,47,31.3,31.1,55.6,71.2
304,48,47,47,99.9,88.8
304,49,19.7,19.7,27.9,67.2
304,50,43.5,43.6,89.7,84.8
305,1,67.2,14.3,86.3,65
305,2,3.6,61.3,98.7,63.7
305,3,33,33,56.1,80.2
305,4,23.9,19,93.3,25.6
305,5,3.4,49.5,15.7,63.3
305,6,25.5,25.3,53.8,48.1
305,7,37.4,34.3,93,57.5
305,8,72.9,3.7,93.5,17
305,9,33.3,40,57.8,94.4
305,10,32.1,31.3,77.8,53.4
305,11,37.5,37.2,64.5,88.9
305,12,36,36.3,59.2,92.7
305,13,3.9,65.2,23.2,78.4
305,14,15.6,53.2,35.4,95.2
305,15,2.4,52.6,12.6,65
305,16,59.8,2.7,65.6,31.2
305,17,33.7,31.5,68.5,62.2
305,18,2.6,53.9,16,64.4
305,19,38.9,38.3,84.8,70.9
305,20,35.5,47.6,81.8,84.2
305,21,56.4,1.4,63.1,13.7
305,22,33.9,53.6,77.9,95
305,23,50.9,1.2,56.2,13.5
305,24,36.1,51.9,77.3,97.5
305,25,41.4,10.5,69,26.4
305,26,26.1,50.8,54.6,97.4
305,27,31,30.4,62.7,60.3
305,28,43.2,4,51.1,26.3
305,29,50.3,44,97,91.5
305,30,42,13.9,81.7,28.7
305,31,38.1,56.4,90.6,97.5
305,32,15.9,41.4,40.4,68.3
305,33,42.3,24.7,91.7,45.9
305,34,65.9,1.9,74.7,16.5
305,35,31.1,43.9,72.1,77.2
305,36,47.6,34.9,95.9,69.3
305,37,42.6,27.5,82.3,57.1
305,38,49.9,24.3,99.6,48.7
305,39,42,22.5,79.4,47.9
305,40,51.8,8,70,31.1
305,41,10.5,41.5,34.2,59.9
305,42,34.2,43.8,68.9,87.1
305,43,44.8,14.5,99.9,26.3
305,44,26,46.7,60.4,82.1
305,45,26,47.9,52.5,95
305,46,1.9,48,15.6,54.7
305,47,32.6,45,64.7,90.9
305,48,49.1,49.3,98.5,98.4
305,49,16,41.9,38.3,72
305,50,11.2,38.7,34.2,57.6
306,1,27.2,27,54.3,54.2
306,2,33.2,34.2,53.3,90.7
306,3,19.3,19.4,75.5,26.1
306,4,44.7,42.6,91.9,83.1
306,5,37.9,38.9,84,70.9
306,6,17.2,16.5,94.9,20.2
306,7,9,35.6,15.9,82.1
306,8,41.3,44.5,83.3,88.3
306,9,15,30.2,22,95.1
306,10,23.7,28.7,46.2,59
306,11,24.4,22.4,58.2,38.6
306,12,40.2,52.1,84.4,99.6
306,13,30,32.8,50.1,82
306,14,40,39.2,80.7,77.8
306,15,37.1,30,73.7,60.5
306,16,17,36.6,29.4,87
306,17,18,29.6,27.2,87.6
306,18,27.2,34.8,50.4,75.8
306,19,23.9,35.2,44.2,76.8
306,20,42.5,42.5,83.7,86.5
306,21,22.9,31.9,36.7,85
306,22,21.9,20.7,70.7,30
306,23,16,20.1,23.1,65.5
306,24,20,23.2,50.6,38.4
306,25,60,24.9,98.8,63.5
306,26,22.2,34.8,52,60.8
306,27,50.6,37.3,97.5,77.7
306,28,27.6,25,72.2,40.6
306,29,53.4,45,97.4,99.8
306,30,18.6,23.4,25.9,83.1
306,31,33,30,65.5,60.5
306,32,27.8,18,94.7,25.6
306,33,48.8,40.1,95.1,82.4
306,34,30.2,37.6,57.7,79.1
306,35,40.9,37.1,86.8,70.2
306,36,13,13.5,93.7,15.7
306,37,26.8,19,61.7,33.6
306,38,30.1,33.2,55.5,72.7
306,39,35.1,38.7,76.1,72
306,40,29.3,25.1,88.2,37.6
306,41,30,34,63.7,64.4
306,42,37,42,64.9,97.9
306,43,28.5,17,71.4,28.4
306,44,30.5,30,71.8,52.2
306,45,33.4,31.6,72.5,58.6
306,46,11.8,10.7,50.7,14
306,47,18.5,24.5,29.3,66.6
306,48,9.9,9.1,60,10.9
306,49,27.3,28.9,50.2,63.4
306,50,40,43.9,80.8,87
307,1,47.3,40.3,89.9,85.2
307,2,51.9,0,51.9,24
307,3,61.7,0,61.7,47.8
307,4,29.2,29.2,75.2,47.8
307,5,33.3,33.3,67.4,66
307,6,33.7,33.8,74.2,62
307,7,81.7,0,81.7,57.2
307,8,0,82.2,12.3,82.2
307,9,0,82.8,27.5,82.8
307,10,0,69.4,45.6,69.4
307,11,54.7,0,54.7,14.9
307,12,72,0,72,19.9
307,13,29.6,29.6,71.5,50.6
307,14,40,40,91.3,71.2
307,15,0,84,43.4,84
307,16,74.7,0,74.7,48
307,17,52.1,0,52.1,37.1
307,18,0,86.7,19,86.7
307,19,0,85.3,60.7,85.3
307,20,47.1,47.1,95.8,92.8
307,21,42.8,42.8,85.1,86.2
307,22,94.8,0,94.8,36.1
307,23,90.5,0,90.5,57.8
307,24,68.9,0,68.9,59.6
307,25,47.3,47.2,98.6,90.8
307,26,85.5,0,85.5,36.6
307,27,40.7,40.8,75.5,88.6
307,28,83.4,0,83.4,12.1
307,29,84.3,0,84.3,54
307,30,39.3,39.3,82,75.6
307,31,88.8,0,88.8,56.5
307,32,0,90.8,26,90.8
307,33,90.6,0,90.6,18.8
307,34,43.7,43.7,95.7,80.5
307,35,0,97.8,42,97.8
307,36,85.4,0,85.4,27
307,37,58.5,0,58.5,10
307,38,30.6,30.5,63.7,58.8
307,39,91.1,0,91.1,31.7
307,40,0,88.3,53.8,88.3
307,41,34.5,34.6,91.9,55.4
307,42,42.8,42.8,88.2,83.3
307,43,0,76,14.3,76
307,44,0,88.9,21.6,88.9
307,45,0,72.3,25.1,72.3
307,46,90.4,0,90.4,31.3
307,47,49.4,49.4,99,98.7
307,48,32.6,32.6,60,71.4
307,49,45.5,45.5,96.3,86.4
307,50,84.6,0,84.6,25.3
308,1,30,30.7,63.1,58.7
308,2,33.5,33.5,74.1,61.2
308,3,32.7,32.6,73.5,58.8
308,4,35.9,40.6,65.4,90.1
308,5,27.9,27.6,43.5,77
308,6,50,11.3,95.2,23.8
308,7,15,45.9,29.4,93.9
308,8,30,35.9,53.1,82.6
308,9,19.1,40.1,54.4,61.8
308,10,34,34.2,78.5,60.5
308,11,0,52.4,14.1,52.4
308,12,60,5.1,96.1,13.7
308,13,30.1,45.3,72.6,77.4
308,14,50.1,6.8,78.8,18.8
308,15,10.9,40,21.8,80
308,16,40,9.4,66.9,23.5
308,17,7.3,40,14.8,79.1
308,18,26,26.6,44.6,64
308,19,29.9,29.2,64.5,54.6
308,20,30,30.6,50.3,76
308,21,31,31.6,84.5,50
308,22,33.9,33.1,55.7,84.6
308,23,46.6,46.9,93.8,93.3
308,24,43.5,43.1,91.5,82.3
308,25,25,25.7,39,71.8
308,26,37.6,37.4,72.2,78.2
308,27,35,35.1,67.4,73.1
308,28,36.7,36.2,78.7,68
308,29,28.3,28.2,50.6,64.2
308,30,35.1,35,69.5,70.8
308,31,9.7,45,21.8,81.2
308,32,28,28.1,63.6,50.3
308,33,36,36,94.1,58.4
308,34,45,45.3,89.3,91.5
308,35,27.1,27.2,38.4,92.7
308,36,24,24,36.5,70.2
308,37,29.1,29,41.8,95.5
308,38,22.9,23,29.9,98.5
308,39,39.8,39.8,96.7,67.8
308,40,35.8,35.8,65.7,78.8
308,41,35.6,35.6,96,56.6
308,42,22.4,22.5,55.4,37.8
308,43,42.9,42.6,89.5,82
308,44,33.1,33.1,85.6,54.1
308,45,53.7,10,89.3,25.1
308,46,39.1,39,92.9,67.4
308,47,25.2,25.1,40.9,65.5
308,48,30.7,30.2,60.3,61.7
308,49,20.3,20.3,25.6,98.4
308,50,22.9,22.9,54.8,39.4
309,1,30,50,67.2,90.4
309,2,46.4,40.1,83.8,90
309,3,56.3,39.8,97.2,94.7
309,4,43.8,42.4,82.8,90.1
309,5,10,65.9,33.8,93.7
309,6,58.9,29.9,96.1,77.5
309,7,33.2,41.3,65,84.5
309,8,43.7,49.8,88.4,98.5
309,9,10.3,64.6,39.9,87.2
309,10,10.2,61,39.2,82.5
309,11,19,40,40.4,75.6
309,12,10.7,49.9,26.2,84.4
309,13,34.3,39.9,57.8,98.3
309,14,40.3,5.7,62.5,16.1
309,15,36.9,29.9,71.2,62.1
309,16,20.8,60.2,63.3,89.7
309,17,37.6,37.8,76.3,74.7
309,18,64.3,10,99.3,28.5
309,19,50.1,39.7,96.8,82.3
309,20,50.9,30.3,87.8,72.3
309,21,50.3,42.7,94.4,91.6
309,22,30,10.4,64.2,19.7
309,23,51.7,19.9,81.3,54.7
309,24,2.6,39.7,10.6,52.7
309,25,30.6,21.1,57.6,45.2
309,26,10.4,35.7,26.3,59.2
309,27,40.1,19.3,89,35.3
309,28,35.2,50.2,73.8,96.1
309,29,19.8,49.8,45.3,88.6
309,30,30.1,30,63.2,57.3
309,31,27.7,28.3,52.7,59.7
309,32,29,29.9,62.8,55.7
309,33,26.5,26.4,51.4,54.6
309,34,34.9,37.4,68.8,76
309,35,40.5,52.4,88.1,97.1
309,36,40,22.4,55,82.4
309,37,10.3,49.5,23.2,89.1
309,38,58.1,19.8,86.3,60.7
309,39,50.7,20,81.1,53.6
309,40,45.8,19.8,67.2,62.3
309,41,51.1,20,71.4,70.4
309,42,65.7,20,97.9,60.9
309,43,40.1,42.2,84.7,80.2
309,44,59.3,10.1,73.6,52.2
309,45,30.2,45.1,58.6,93.1
309,46,43.6,20,83.4,42.1
309,47,14.1,39.9,29.9,75.6
309,48,52.4,40,94.9,89.4
309,49,57.6,39.9,97.7,97.3
309,50,37.4,34.1,71.8,71.3
310,1,36.2,50.4,78.4,93.7
310,2,18.2,30.4,29.8,78.3
310,3,33.8,50.1,73.4,93
310,4,46.8,26.3,85.5,58.2
310,5,27.7,23.4,73.5,37.7
310,6,37.1,49.8,75.5,98.1
310,7,49,20,66.6,75.7
310,8,53.1,28.5,84,77.6
310,9,44.4,25.4,86.8,52.2
310,10,25.2,31.3,51.9,61
310,11,44.3,31.1,89.3,61.9
310,12,31.5,37.9,61.2,78.2
310,13,50.9,0.4,51.2,71
310,14,16.9,13.1,76.4,16.9
310,15,44.3,40.4,77,95.3
310,16,37.5,20.1,99.4,32.4
310,17,11.3,10.3,64.7,12.5
310,18,62.9,3.6,77.8,18.9
310,19,34.8,34.4,81.5,60.2
310,20,50.8,40.5,93.5,88.9
310,21,46.8,48.3,91.3,99.2
310,22,20,31.9,30.2,94.7
310,23,10.4,31.2,19.7,66.2
310,24,20,16.2,53.8,25.8
310,25,30,51,62.5,98.2
310,26,20,31.5,40.3,62.7
310,27,17.5,20.6,22.6,91.4
310,28,29,20.1,68.8,34.8
310,29,31,18.8,38.3,98.9
310,30,12.6,19.7,18.2,64.3
310,31,50.9,34.2,80.9,92.3
310,32,45.3,50,91.4,99.3
310,33,42.1,28.8,78.2,62.5
310,34,29.8,20,91.7,29.7
310,35,10,30.5,25.5,50.3
310,36,15,23.7,20.6,87.4
310,37,30.3,42.5,72.5,73.1
310,38,32.6,26,63.9,53.1
310,39,39.8,39.8,79.6,79.8
310,40,16,30.4,23,99.9
310,41,26.9,14,62.9,24.6
310,42,44.4,23.5,74.3,58.6
310,43,45.8,45.8,97.3,86.7
310,44,10,20.1,13.3,81.3
310,45,33,32.2,88.5,51.5
310,46,15.2,10,71.9,12.8
310,47,37.6,37.5,62.5,94.2
310,48,40.6,38.3,79.3,78.5
310,49,40.1,15.7,53.3,63.6
310,50,14,14.9,17.7,71.3
311,1,23.7,23.1,36.6,65.7
311,2,28.4,28.5,59.5,54.7
311,3,45.1,45.4,93.9,87.4
311,4,42.3,42.5,82.2,87.7
311,5,0,86,19.4,86
311,6,38.2,38,66.6,89.2
311,7,44.9,44.7,83,97.4
311,8,0,66.4,10.7,66.4
311,9,43.9,44,96,81.2
311,10,37.3,37.1,82.1,68
311,11,30.8,30.4,68.5,55.3
311,12,39.4,39.3,81.5,76.2
311,13,29.8,29.8,62.8,56.9
311,14,74.7,0,74.7,45.9
311,15,39.5,39.6,83.3,75.4
311,16,45.4,45.3,87.9,93.7
311,17,32.2,32,64.8,63.7
311,18,71.3,0,71.3,42.3
311,19,0,64.8,53,64.8
311,20,33.5,33.4,60.1,75.6
311,21,0,77.6,72.6,77.6
311,22,67.7,0,67.7,23.2
311,23,88,0,88,50
311,24,59.6,0,59.6,36.6
311,25,48.3,48.5,94.2,99.6
311,26,0,88.5,40.8,88.5
311,27,0,73.2,52,73.2
311,28,56.3,0,56.3,27.9
311,29,37.9,37.5,84.5,68.1
311,30,0,78.7,12.5,78.7
311,31,38.5,38.6,66.3,92.2
311,32,40.1,40.1,72.1,90.4
311,33,40.6,40,93.9,70.6
311,34,0.2,81.4,35.8,81.9
311,35,84.3,0,84.3,70.2
311,36,44.6,44.5,87.1,91.3
311,37,75,0,75,18
311,38,59.9,0,59.9,42.2
311,39,0,76.8,14.7,76.8
311,40,0,97,51.3,97
311,41,71.2,0,71.2,52.9
311,42,31.5,31.8,59.9,67.2
311,43,0,92.2,72.7,92.2
311,44,60.3,0,60.3,12.5
311,45,31.5,31.6,60.6,66
311,46,0,79.7,36.6,79.7
311,47,79.8,0,79.8,33.8
311,48,0,95.8,11.8,95.8
311,49,43.1,43.1,85.9,86.6
311,50,0,74.5,26.9,74.5
312,1,20.9,20.5,59.5,31.7
312,2,20.1,57.6,75.5,78.6
312,3,39.8,40.3,67.8,97.8
312,4,27.4,27.4,93.9,38.7
312,5,36.4,36,67.6,78.2
312,6,20.6,18,62.3,27
312,7,89.6,1,94,22.5
312,8,37.7,20,69.8,43.6
312,9,20,55.6,59.4,83.9
312,10,20,57.2,53.6,91.3
312,11,30,47.4,67.1,85.9
312,12,32.4,40.3,64.7,80.9
312,13,60.4,20.2,87.9,64.6
312,14,40.1,40,67.3,99
312,15,47.3,45.4,92.9,92.6
312,16,0,73.6,11.5,73.6
312,17,37.5,36.5,65.6,85.4
312,18,31.8,31.8,77.8,53.9
312,19,30.5,30.9,94.1,45.8
312,20,0,52.9,17.2,52.9
312,21,34.6,33.9,96.4,52.9
312,22,55.8,0,55.8,22.5
312,23,29.9,29.6,57.2,62.1
312,24,36,10.1,52.9,31.7
312,25,36.9,36.7,73.1,74.3
312,26,23.2,23.1,79.3,32.7
312,27,30.3,35.9,55.8,78.7
312,28,39.5,49.9,83.5,94.8
312,29,35.2,35.3,62.7,80.6
312,30,10.3,42.4,25.9,70.5
312,31,57.8,0,57.8,11.8
312,32,10.5,40,20.5,82.2
312,33,32.9,35,74.6,62.7
312,34,0,99.3,13.1,99.3
312,35,40.5,30.8,80.6,62.1
312,36,20.2,33,45.6,59.3
312,37,33.5,40,62.7,85.9
312,38,20.9,20.1,54.2,32.8
312,39,40.2,44.2,87.5,81.9
312,40,41.6,30,97.4,52.4
312,41,28.8,28.6,53.4,62.2
312,42,31.4,20,89.6,30.9
312,43,19.2,49.5,41.8,91.7
312,44,27.4,40,78.7,61.4
312,45,37.1,50.1,83,90.6
312,46,40.4,29.8,99.9,50.2
312,47,36.6,50,80.1,92.2
312,48,20,29.4,57.7,45.1
312,49,43.3,44.8,99.8,79.3
312,50,33.8,20,54.3,53.1
313,1,21.3,7,57.7,11.1
313,2,40,36,98.8,60.6
313,3,44,30.1,78,69.1
313,4,30.6,32.9,62.3,64.8
313,5,25.7,26.1,50.8,53
313,6,31.5,33,64,65
313,7,39.5,35.9,77.8,73
313,8,46.9,30.3,85.3,67.5
313,9,26.2,26.3,52.6,52.5
313,10,34.7,31.7,78.8,56.7
313,11,34.6,30.1,76.3,55.2
313,12,39.5,39.8,78.8,79.9
313,13,0.9,59.2,15.7,62.9
313,14,39.4,34.1,80,67.2
313,15,35.9,43.8,72.7,86.6
313,16,21,40.4,39.2,87.1
313,17,40.3,34.2,77.2,71.6
313,18,35.3,28.6,67.3,60.3
313,19,43,29.4,93.6,54.5
313,20,41.9,44.9,84.6,89.1
313,21,33.3,10,51.5,28.5
313,22,24.6,26.5,50.8,51.4
313,23,27.7,14.7,51.5,32
313,24,25.7,46.5,52.4,91.4
313,25,50.1,5.3,70.1,18.7
313,26,16.7,40,37.7,71.9
313,27,25.1,34.1,52.7,65.3
313,28,57.9,26,98.7,63
313,29,10,48.9,21.6,91.1
313,30,28.5,34.1,51.6,76.3
313,31,27.1,36.3,48.5,82.4
313,32,6.3,50,18.9,75.1
313,33,9.9,30.3,17.7,68.9
313,34,42.5,10.2,60.2,34.8
313,35,50.3,6.8,90.9,15.3
313,36,25,33.9,50.1,67.7
313,37,60.4,2.3,75.3,12.1
313,38,38.9,37.4,77.5,75.2
313,39,26.5,33.2,41.5,91.9
313,40,40,37,78.2,75.8
313,41,7,35.5,21.8,52.3
313,42,22.6,26,44.7,52.7
313,43,29.9,19.7,59,40.1
313,44,23,39.7,54,69.3
313,45,18.2,34.3,43.4,59.2
313,46,38.5,48.5,75.1,99.7
313,47,44.6,21.8,97,40.4
313,48,46,23.7,85.4,51.4
313,49,22.1,27.7,47,52.4
313,50,47.8,13.9,89,30.2
314,1,63.7,0,63.7,53.9
314,2,78.2,0,78.2,29.9
314,3,41.2,41.2,84.2,80.8
314,4,20.2,32.2,48.8,55
314,5,26.6,26.6,50.9,55.8
314,6,36,36.1,75.6,69
314,7,23.6,23.9,39.8,58.8
314,8,0,82.1,55.4,82.1
314,9,40.5,40.9,84.1,78.9
314,10,95.1,0,95.1,14.1
314,11,0,61.4,19.1,61.4
314,12,0,81.2,15.6,81.2
314,13,41,39.8,74.9,88.1
314,14,55.3,0,55.3,20.1
314,15,39.1,39.7,78.1,79.7
314,16,28,27.1,57,53.4
314,17,36.8,36.8,73.4,74
314,18,0,94.9,32,94.9
314,19,35.1,34.1,60.3,81.6
314,20,88.7,0,88.7,50.5
314,21,0,88.9,67.6,88.9
314,22,0,90.6,10,90.6
314,23,33.9,33.3,67.9,66.7
314,24,39.6,42.1,70.5,96.2
314,25,0,90.2,11,90.2
314,26,25.4,28.4,51.1,56.6
314,27,89.8,0,89.8,34.1
314,28,80.8,0,80.8,23.6
314,29,82.7,0,82.7,53.3
314,30,41.7,41.8,77.2,91
314,31,40.9,40.2,79.8,82.5
314,32,29.5,29.4,54.8,63.8
314,33,99.8,0,99.8,63.4
314,34,80.8,0,80.8,30.9
314,35,78.6,0,78.6,31.8
314,36,34.6,33.2,70.2,65.6
314,37,0,66.2,28.8,66.2
314,38,0,70,50.3,70
314,39,74.9,0,74.9,26.5
314,40,100,0,100,43.2
314,41,65.8,0,65.8,13.1
314,42,44.8,36.8,93.3,70.9
314,43,97.2,0,97.2,11.7
314,44,45.6,42.4,95.1,81.6
314,45,45.1,42.7,95.5,81
314,46,30.3,30.7,53.7,70.6
314,47,43.5,42.8,83.8,89
314,48,0,63.2,27.3,63.2
314,49,26.8,29.2,55.8,56.2
314,50,19.7,18.4,54.8,28.8
315,1,28.8,28.3,64.3,51.4
315,2,10,28.1,14.7,87.9
315,3,10,39.8,78.3,45.7
315,4,50.7,20.1,70.6,71.5
315,5,10.3,20.4,13.1,95.7
315,6,59.7,25,98,64.2
315,7,14.2,14.5,19.2,55.7
315,8,53.5,19.8,85.7,52.9
315,9,33.6,19.8,65.5,40.8
315,10,10,29.9,18.3,66
315,11,53.4,20.5,77.1,66.7
315,12,20.2,61,71.8,85
315,13,35.6,13,84.8,22.5
315,14,60.3,27.3,90.3,82.2
315,15,20.1,17.4,67.5,24.9
315,16,65.2,20.8,89.6,76.7
315,17,29.8,28.8,56.5,61
315,18,20,65.8,66.7,94
315,19,20.3,50.6,54.2,81
315,20,20,43.7,37.7,93.1
315,21,6.2,66,30.3,83.1
315,22,20,38,43.5,70.4
315,23,20,50.8,49.2,85.7
315,24,10.8,51.7,24.2,93.4
315,25,3.3,67.7,16.5,84.7
315,26,3.6,80,28.7,91.5
315,27,40.2,22.1,69.8,52.2
315,28,20,42.3,40.5,83.6
315,29,28.7,28.6,55.8,59
315,30,26.7,39.8,60.6,71.2
315,31,45.2,20.5,69.3,59.2
315,32,57.8,10,91,27.6
315,33,70,5.5,89.2,25.8
315,34,70.3,25.7,97.2,93.1
315,35,10.1,82.7,66.7,97.5
315,36,31.5,20,63.7,39.7
315,37,19.9,71.2,91.3,91.1
315,38,66.4,20.2,88.1,82.1
315,39,5,69.9,21.4,91.3
315,40,3.1,74.9,18.8,89.8
315,41,40.2,24.5,72.1,55.5
315,42,40.1,17.6,69.3,41.8
315,43,34.2,33.2,65.8,69.3
315,44,34.6,30.1,70.2,59.5
315,45,30.2,46.7,72.6,80
315,46,47.1,47.5,95.3,94.1
315,47,30.2,30.5,59.6,62
315,48,65.7,20.1,90.2,74.1
315,49,40,20,79.2,40.5
315,50,49.8,25.2,79.4,67.6
316,1,40.3,40.4,70.3,94.7
316,2,46.2,19.4,97.2,37.1
316,3,34.1,34,84.3,57.1
316,4,31.7,31.9,57,71.9
316,5,47.1,47.1,89.4,99.7
316,6,42.7,42.8,96,77.1
316,7,32.8,32.8,89.5,51.8
316,8,45.2,5.1,89.4,10.4
316,9,32.1,32,81.4,52.9
316,10,27.7,27.6,57.5,53.4
316,11,29.1,28.8,52.6,64.5
316,12,32.9,33,66.9,65.1
316,13,5.4,40.1,13.4,67.3
316,14,60,10.2,97.6,26.6
316,15,30.8,30.8,67.8,56.5
316,16,30,20,67.4,36.2
316,17,35.3,35.2,81.5,62.1
316,18,23.2,23.2,51.8,42.1
316,19,15,48,33.4,87.2
316,20,41,41.2,98,71
316,21,31.5,31.5,62.7,63.4
316,22,40.1,19.1,85,36.2
316,23,39.8,39.6,90,71
316,24,32.4,32.5,69.3,61.1
316,25,10,44.2,20.5,86.4
316,26,30.4,30.5,56.4,66.2
316,27,39.5,39.5,73.9,84.9
316,28,35.2,45,74.2,85.7
316,29,39.1,39.1,70.7,87.7
316,30,33.9,19.7,89,31.9
316,31,22.1,22,54.2,37.3
316,32,49,15,87.3,34.3
316,33,38.1,38.2,63.1,96.6
316,34,15.8,15.8,85.6,19.4
316,35,38.7,38.8,93.3,66.4
316,36,33.1,33,83.3,54.9
316,37,28.9,28.9,63.4,53.2
316,38,28.8,28.9,45.6,78.6
316,39,27.2,27.2,38.1,95.2
316,40,40.7,40.6,92.1,72.9
316,41,34.6,34.4,91.3,55.4
316,42,23.8,23.9,62.8,38.5
316,43,42.7,42.5,89.6,81.3
316,44,33.9,33.9,88.7,54.9
316,45,20.3,20.3,33.5,51.6
316,46,46.9,46.9,94.1,93.7
316,47,40.4,40.4,74.4,88.5
316,48,32.9,33,78.8,56.7
316,49,44.9,44.9,91.3,88.4
316,50,32,32,58,71.4
317,1,33.7,32.9,71.9,62.1
317,2,31,31.2,73.5,54
317,3,38.7,38,93.2,65.1
317,4,34.5,30.9,68.7,62.2
317,5,29.9,39.8,54.4,88.4
317,6,40,29.8,98.5,50.3
317,7,46.6,43.8,91.8,89
317,8,32.5,37.4,55.3,90.9
317,9,37.2,39.6,74.6,79
317,10,37.2,33,73.4,67
317,11,45.5,39.9,94.4,77.2
317,12,20.1,14.6,55.6,23
317,13,11.3,49.7,22.7,99.1
317,14,39.9,28.1,91.3,50
317,15,34.9,35.6,67.5,73.9
317,16,50.4,44.6,98.1,91.9
317,17,27.1,39.6,51.3,84
317,18,50.1,5.8,89.9,13.2
317,19,50.3,32.8,94.1,70.6
317,20,22.2,31.3,38.6,73.8
317,21,30.2,13.7,66.1,25.4
317,22,29.8,42.4,56.3,90.1
317,23,27.2,38.7,51,83
317,24,30,14.7,60.9,29.1
317,25,25.4,35.4,43.5,85.2
317,26,29.7,29.4,53.5,66.1
317,27,36.9,44.8,70.6,94
317,28,39.9,10.7,90.1,19.3
317,29,22.8,32.2,40.8,73.1
317,30,36.5,40,68.6,85.5
317,31,31.8,23.4,57.8,52.1
317,32,43.4,29,86,58.7
317,33,50.2,44.7,98.1,91.7
317,34,45,39.5,86.2,82.7
317,35,33.8,25.2,69.3,49.3
317,36,38.3,26.9,76.6,54
317,37,34.7,29.7,73.6,56.2
317,38,35.3,12.4,67.2,26.2
317,39,40.4,25.8,87.7,48
317,40,40.3,47.2,84.4,90.4
317,41,39.6,44.4,79.5,88.6
317,42,47.9,36.5,94,74.6
317,43,43.7,28.4,99.8,50.6
317,44,44.2,42.7,85.5,88.6
317,45,52.6,40.2,99,85.9
317,46,22,40.2,37.4,97.8
317,47,18.1,34.6,27.8,99.2
317,48,33.8,36.9,61.3,82.4
317,49,27.2,32.2,51.4,68.5
317,50,35.9,37,67.4,79.2
318,1,26.4,26.3,49.3,56.8
318,2,52.8,13.5,72.3,50.1
318,3,59.6,14.8,83.6,51.6
318,4,33.9,34.1,64.3,72.3
318,5,58.5,10,78.9,38.8
318,6,82.7,0.7,86.4,16.9
318,7,85,3.5,95.8,31.5
318,8,13.5,80.1,68.3,99.9
318,9,9.7,61.7,32.9,87.6
318,10,6.4,46.5,18.3,71.6
318,11,74.3,10.1,99.4,40.2
318,12,18.1,47.3,50.4,73.9
318,13,59.8,25.8,94.4,70.5
318,14,0,54.3,10.4,54.3
318,15,19.4,46.3,59.8,68.6
318,16,42,42.1,92.1,77.4
318,17,0,86.3,19.9,86.3
318,18,36.7,28.9,68.7,62.1
318,19,85.2,0,85.2,14.2
318,20,20.5,16.5,53.4,26.9
318,21,40.7,41,86.3,77.6
318,22,45.2,45.1,82.6,99.7
318,23,58.3,0,58.3,18.6
318,24,68.4,9.9,84.8,51.2
318,25,0,72.6,15.1,72.6
318,26,30,55.7,70.5,97.1
318,27,72.9,0,72.9,38.2
318,28,11.7,31.4,29.9,51.6
318,29,24.8,49.7,57,88.1
318,30,27.5,37.9,56.2,74.3
318,31,34.1,40.9,59.8,95.2
318,32,82.3,0.1,82.5,45.5
318,33,33.4,32.1,67.6,63.5
318,34,0,78.6,21.8,78.6
318,35,0,77,36.9,77
318,36,0,94.2,50.6,94.2
318,37,47.2,19.5,80.3,47.5
318,38,0,83.5,34.3,83.5
318,39,76.8,0,76.8,54.5
318,40,0.6,90,55.2,91
318,41,54.9,8.8,69.2,42.6
318,42,65.6,0,65.6,10.4
318,43,0,88.1,50.3,88.1
318,44,42,41.9,94.1,75.7
318,45,80.4,0,80.4,15.4
318,46,35.4,25.3,69.4,51.7
318,47,0,57.9,33.3,57.9
318,48,44.6,43.8,81.6,96.7
318,49,39.1,40,79.4,78.9
318,50,0,70.3,24.3,70.3
319,1,40,42.3,87.3,78.2
319,2,15,55.7,45.9,82.8
319,3,45.5,17.9,98.2,33.4
319,4,44.9,39.5,93.6,76.1
319,5,28.5,20,55.8,40.9
319,6,40.9,50.3,91.8,90.8
319,7,0.2,67,11.3,68.3
319,8,49.3,20.6,78.1,56.1
319,9,20,41.9,56,65.3
319,10,0.4,82.6,31,83.7
319,11,87.8,0.5,90.3,19
319,12,22.5,22.7,41.1,50.3
319,13,0,75.2,39.2,75.2
319,14,84.3,0,84.3,14.4
319,15,30,29.6,64.1,55.7
319,16,70.2,0.7,74.2,14.5
319,17,63.2,1.1,66.7,22.6
319,18,29.9,19.4,70.5,33.7
319,19,0.1,85.7,16.1,86.3
319,20,33,34,58.2,78.6
319,21,19.8,59.2,50.3,97.7
319,22,31.8,60.7,95.1,91.3
319,23,78.5,0,78.5,15.8
319,24,39.6,29.6,91.9,52.1
319,25,30.2,46,94,67.8
319,26,40.3,13.7,86.4,25.8
319,27,40.2,47.9,83.9,92
319,28,0,81.3,10.4,81.3
319,29,27.4,26.5,55.9,52.1
319,30,50.1,10.9,95.2,23.1
319,31,17.4,39.9,34.5,80.7
319,32,15.6,35.1,43.3,54.9
319,33,53.8,0,53.8,15.3
319,34,63.2,0,63.2,10.3
319,35,44.7,34.9,92.1,68
319,36,0,69.2,12.3,69.2
319,37,15.2,39.7,39,65.2
319,38,27.1,49.4,54.7,98
319,39,50.4,9.6,75.4,29.2
319,40,27.1,59.9,67.9,99.7
319,41,0,87.5,18.1,87.5
319,42,78.2,0,78.2,20.3
319,43,20.1,64.5,67.3,92
319,44,0,67,14.9,67
319,45,50.3,43.8,98.8,89.4
319,46,10.3,34.9,19.2,75.4
319,47,40,19,92,33.7
319,48,50.3,20.7,82.1,53.5
319,49,0,72.8,27.2,72.8
319,50,39.3,29.7,69.1,68.9
320,1,32.2,32.2,81.7,53.3
320,2,20.9,10,86.2,13.3
320,3,10,40.2,30.3,60.1
320,4,10,48.4,38.5,65.5
320,5,45.7,10,91.1,20.1
320,6,10,64.2,50,80.3
320,7,10,41,23.8,70.8
320,8,47.9,10,64.9,38.5
320,9,66.7,10,78.9,65.3
320,10,10,48.7,45.6,62.5
320,11,10,26.9,15.3,77.7
320,12,10,64,63.6,76
320,13,74.1,10,85.7,74.3
320,14,10,56.8,53.7,69.8
320,15,80.7,10,91.3,86.5
320,16,72.9,10,94.5,43.8
320,17,80.8,10,91.6,85.5
320,18,68.6,10,82.2,60.8
320,19,10,61.7,59.3,74.3
320,20,55.8,10,76.2,37.7
320,21,55.1,10,65.6,63.1
320,22,10.2,8.4,60.9,10.1
320,23,10,41.5,23,73.5
320,24,43.4,10,61.6,34.1
320,25,66.5,10,77.1,73.3
320,26,21.5,10,57.4,16.1
320,27,10,81.1,70.3,94.6
320,28,16.3,10,59.4,13.9
320,29,10,85.9,90.3,96.6
320,30,87.3,10,99,84.9
320,31,10,78.9,78.4,90.5
320,32,10,49.3,52.4,61
320,33,66.7,10,96.9,32.2
320,34,10,89.3,95.9,99.8
320,35,74.4,10,93.4,49.3
320,36,78.7,10,90.6,76.5
320,37,10,29.5,19.7,60
320,38,22.6,10,63,15.6
320,39,74.4,10,97.4,42.7
320,40,61.1,10,78,46.4
320,41,40.3,10,58.5,32.4
320,42,26.3,10,66.6,16.6
320,43,10,73.2,72.2,85
320,44,10,55.5,36.3,76.7
320,45,84.2,10,94.6,91.1
320,46,10,71,73.8,82.2
320,47,10,55.4,42.3,72.6
320,48,70.9,10,84.6,62
320,49,10,78.7,76,90.7
320,50,75.1,10,88.4,66.8
321,1,59.8,24.6,94.9,66.6
321,2,20.1,29.7,68.9,42
321,3,48.2,46.5,94.7,94.7
321,4,53.4,8.2,71,33.1
321,5,4.7,50.1,17.6,68.4
321,6,66.5,1.3,67.9,65.3
321,7,1.4,82.1,45.6,84.8
321,8,29.4,42,59.2,83.5
321,9,39.4,6.5,43.9,63.5
321,10,85.8,6.8,99.9,48.3
321,11,17.9,64,65.5,88.1
321,12,35.9,27,66.2,59.1
321,13,25.1,27.7,35.4,95.4
321,14,23.1,22.9,35.6,65.4
321,15,15.8,9.5,85.1,11.7
321,16,38.8,39.9,80.7,76.9
321,17,25.5,25.1,46.3,55.9
321,18,19.6,19.7,93.8,25
321,19,9.4,40.8,17.8,86.6
321,20,35.1,10.6,82.8,18.5
321,21,36.2,36.1,77.4,67.9
321,22,34.1,36.4,66.1,75.3
321,23,25,24.8,43.8,57.8
321,24,12,11.7,13.7,94.3
321,25,37,39,64,92.6
321,26,20,9.7,68.5,13.7
321,27,30,31.1,54.4,69.5
321,28,42.7,43,90.1,81.8
321,29,43.7,43.8,84.2,91.2
321,30,42.9,42.9,89,83
321,31,50.6,20.7,71.2,71.7
321,32,29.9,30,84.1,46.7
321,33,19.9,8,66.8,11.4
321,34,29.4,10,83.5,15.5
321,35,47,47.5,99.9,89.8
321,36,31.8,31.5,66.8,60.3
321,37,10.1,30.7,16.9,76.3
321,38,19.7,40.1,33.7,96.7
321,39,40.7,11.2,80.8,22.7
321,40,28.5,28.2,69.6,47.8
321,41,26.2,26,45.4,61.6
321,42,9.1,20.1,13.3,63.8
321,43,44.7,44.6,94.7,84.5
321,44,32.5,32.6,71.5,59.9
321,45,16.6,16,63,21.8
321,46,21,70,83.2,93.7
321,47,40.3,12,95.9,20.8
321,48,53.6,20.9,80,63.5
321,49,9.9,30.1,20.9,57.2
321,50,30.2,18,58.5,37.3
322,1,10,32.9,20.2,65.3
322,2,1.1,65.3,26.4,68.2
322,3,3.4,78.8,67.4,83
322,4,20.9,9,51.5,15.2
322,5,46.8,45.2,99.9,85.1
322,6,90,4.2,97.6,54.5
322,7,1.7,69.9,14.5,79.2
322,8,29.8,28.6,59.1,57.7
322,9,53.1,40,89.4,98.7
322,10,77,11.2,94.8,60
322,11,37.8,39.5,72.2,83
322,12,57.6,5,84.6,15.8
322,13,40.3,50.1,82,98.7
322,14,60.1,22.2,90.6,66.1
322,15,50.1,16,99.7,32.2
322,16,40.1,39.4,77.3,82
322,17,36.3,35.8,69,75.6
322,18,39.9,30.1,77.2,62.5
322,19,34.3,8.9,78.1,16
322,20,27.1,14.3,57.4,27.1
322,21,4,71.7,69.6,76.1
322,22,20.1,24.7,37.9,52.8
322,23,45.2,27.4,97.1,51.4
322,24,27.9,26.5,54,54.9
322,25,40,18.1,74.5,39.3
322,26,44.5,39.8,89.8,79
322,27,30.1,37.4,58.7,76.8
322,28,27.8,30,44.4,80.3
322,29,40.1,20,79,40.7
322,30,10.1,33.1,17.9,76.1
322,31,26.2,29.7,48.5,64.6
322,32,44.5,50,96.6,92.8
322,33,34.1,41.8,61.1,94.6
322,34,7.3,33.6,12.6,79.9
322,35,42.5,17.9,90.5,33.9
322,36,40.1,16.2,97.5,27.6
322,37,25.8,34.2,53.8,65.8
322,38,27.6,25.7,53.5,53.2
322,39,40,41.5,81.6,81.5
322,40,32.3,27.8,64.5,55.8
322,41,20.2,41.9,39.7,85.4
322,42,30.2,31.3,56.2,67.7
322,43,8.8,39.8,15.3,93.8
322,44,40,35.4,66.7,88.5
322,45,34.3,7.1,70.5,13.9
322,46,43.2,5.8,91,11.1
322,47,77.7,3.7,84.3,48.4
322,48,40.2,47.2,90.7,84.8
322,49,4.9,84.9,33.4,99.6
322,50,4,83.2,39.6,92.6
323,1,30.8,36.3,75.1,61.7
323,2,36.8,21.3,73.2,43
323,3,23.6,41.3,58.3,69.5
323,4,25.6,28.3,69.9,44.7
323,5,19.7,13.1,62.6,19.2
323,6,28,27.6,83.5,41.6
323,7,37.1,25.9,65.3,60.2
323,8,16.8,36.3,29.4,84.8
323,9,7.9,19.7,10.4,82.2
323,10,8.5,17.1,12.7,52
323,11,18.2,31.3,37.7,60.7
323,12,37.4,24.6,96,40.4
323,13,32.7,19.3,94.3,29.6
323,14,40.3,26.1,97.2,44.6
323,15,15.2,37.8,25.6,93.1
323,16,38.9,45.1,82.8,85.1
323,17,32.5,35.5,57.7,81.3
323,18,14.9,23.9,25.2,58.7
323,19,29.1,28.3,60.8,54.4
323,20,9.9,66.1,41.8,86.7
323,21,56.4,24.3,89.4,66.1
323,22,30.6,52.3,65.8,97.8
323,23,19.8,61.2,56.1,94.7
323,24,49.9,45.7,99.4,91.8
323,25,20.1,49.4,42.9,93
323,26,22.8,35.5,52.3,63
323,27,45.2,13.1,79.3,30.5
323,28,19.9,58.9,53.2,94.1
323,29,18.4,24.2,28.9,66.8
323,30,42,33.6,95.5,60
323,31,21.5,30,45.6,56.8
323,32,22.3,25.9,32.3,83.8
323,33,22,16.2,81,22.3
323,34,32,19.9,77.9,33.9
323,35,42.5,42.1,88.5,81
323,36,33.2,49.1,75.4,87.9
323,37,51.2,35,99.3,72.4
323,38,27.2,26.8,53.8,54.3
323,39,28.2,27.9,54.4,58.1
323,40,19.9,27.5,30.2,80.7
323,41,18,17.9,27.7,51.3
323,42,13.6,38.5,34.9,63.1
323,43,61.2,19.4,94.4,55.2
323,44,39.5,14.2,72.2,31.4
323,45,43.2,45.7,96.8,82.6
323,46,29.6,29.2,59.6,58.2
323,47,10.4,40.3,18.2,94.2
323,48,27.3,28.7,57.6,54.6
323,49,9.8,19.1,13,77.7
323,50,32.2,29.1,69.8,54.2
324,1,0,92.2,22.1,92.2
324,2,76.7,0,77.4,10.9
324,3,0,89.2,58.8,89.2
324,4,0,97.9,97.7,97.9
324,5,93.9,0,94,76.3
324,6,96.8,0,96.8,13.2
324,7,68.6,0,68.6,65.3
324,8,84,0,84,44.8
324,9,96.5,0,96.5,33.9
324,10,89.5,0,89.5,12.6
324,11,0,86.2,15.5,86.2
324,12,0,87.5,27.9,87.5
324,13,66.7,0,66.7,78.5
324,14,95.2,0.1,95.4,93.6
324,15,79.7,0,79.7,34.4
324,16,79.3,0,79.3,83.7
324,17,67.8,0,67.8,64.9
324,18,74.1,0,74.1,66.2
324,19,69.2,0,69.2,30.7
324,20,96,0,96,91.8
324,21,58.3,0,58.3,45.7
324,22,0,91,16.2,91
324,23,71.8,0,71.8,54.9
324,24,61.5,0,61.5,36.7
324,25,0,80.8,46.7,80.8
324,26,39.3,39.5,74.8,83.3
324,27,0,85.7,12.9,85.7
324,28,88.2,0,88.2,16.7
324,29,38.2,39.7,84.2,72.7
324,30,28.5,27.7,52.4,60.8
324,31,23.8,23.9,55.3,42.1
324,32,42,42,73.9,97.4
324,33,24.9,24.9,42,61.4
324,34,39.7,39.7,91.4,70.3
324,35,28.8,28.9,44.6,81.8
324,36,38.1,38.2,88.9,67
324,37,33.7,33.9,67.7,67.6
324,38,90.5,0,90.8,26.5
324,39,34.2,34.2,95.5,53.4
324,40,32,32.3,81.6,53.3
324,41,47.1,47.1,89.2,100
324,42,40.6,40.5,93.4,71.8
324,43,42.5,42.5,77.1,94.8
324,44,42,42.1,83.9,84.5
324,45,0,70.1,13.8,70.1
324,46,31.2,31.1,48.8,86.4
324,47,0,84.4,22,84.4
324,48,41.2,41,78.4,86.5
324,49,42.3,42.4,95.4,76.3
324,50,59.2,0,59.2,24.3
325,1,14.1,20.1,69.9,25.3
325,2,35.1,19.9,71.3,39.2
325,3,14.6,39.8,27.7,84.3
325,4,29.2,29.9,48.4,75.4
325,5,0.8,90,55.2,91.4
325,6,21.3,20,34,53.8
325,7,69.2,0.7,69.7,99
325,8,33.6,12,78.1,21.2
325,9,7.6,59.7,51.7,70.1
325,10,69.5,0.9,70.8,51.6
325,11,0.7,80.8,80.3,81.6
325,12,17,15.6,62.7,21.5
325,13,17.9,69.9,76.7,91.3
325,14,83.3,0.7,84.4,60.1
325,15,30.2,30.1,55.2,66.5
325,16,0.5,85.5,22.8,87.5
325,17,25.4,25.4,45.5,57.6
325,18,31.8,32,69.4,59.1
325,19,76,0.1,76.5,29.6
325,20,24.3,25.1,42.8,58.2
325,21,80.4,0.4,80.9,75.6
325,22,62.8,0,63,20.5
325,23,92.4,0.4,94.3,21.7
325,24,44.8,44.9,90.9,88.7
325,25,0.1,67.3,12.2,67.9
325,26,31.8,31.4,70.7,57.2
325,27,97.9,0.1,98.1,57.3
325,28,27.5,27,58,51.4
325,29,33.6,33.7,64.7,70.3
325,30,27.6,59.7,78.3,92.2
325,31,20,19.5,32.5,50.9
325,32,0.1,75.3,10.3,76.1
325,33,27.3,27.3,51.4,58.4
325,34,23,22.8,58.6,37.6
325,35,27.3,27.4,50.5,59.7
325,36,70.5,20.7,96.4,77.2
325,37,24,17.3,62.9,28.1
325,38,65.8,30.8,98.5,93
325,39,20,59.7,77.9,80.4
325,40,11,52,26,90.3
325,41,20,61.2,54.2,97.1
325,42,15,46.1,29,95.6
325,43,21.3,21.1,33.6,57.8
325,44,30.5,40,56.8,86.5
325,45,20.9,14.6,83.2,19.6
325,46,28,27.8,50.6,62.3
325,47,34.4,34,67.4,69.5
325,48,15,53.7,32.8,99
325,49,40,16.3,98.9,27.5
325,50,41.3,41.3,73.8,94
326,1,44.6,44.6,97.6,82.3
326,2,40.9,40.6,92.9,72.7
326,3,26.1,46.3,57.5,84.8
326,4,26.3,37.4,59.7,66.9
326,5,22.2,21.9,33.3,66
326,6,42.4,42.1,89.5,80.1
326,7,36.3,36.2,68.5,77.2
326,8,49.5,29.7,87.9,68
326,9,26.1,27.2,49.6,57.6
326,10,41.8,30,85.4,58.8
326,11,29.8,51.7,65.2,95.4
326,12,43.6,43.8,78.4,98.9
326,13,35.1,29.8,71.7,58.5
326,14,32.6,29.6,74.8,52.5
326,15,25.7,31.2,46.9,69.1
326,16,44.2,43.3,91.7,83.6
326,17,35.7,31.7,77.5,58.8
326,18,27.8,23.7,64,42
326,19,30.3,50.9,64,96.7
326,20,22.5,22.6,41,50.3
326,21,34,34,68.5,67.6
326,22,28.2,35.5,50.1,81.3
326,23,26.6,45.7,51.1,95.4
326,24,53.2,30,96.7,66.8
326,25,40.4,40.8,74.3,89.5
326,26,45.4,45.5,94.7,87.5
326,27,36.1,46.4,67.9,99.2
326,28,70,2.1,81.6,14.9
326,29,45.7,45.8,98.7,85.4
326,30,20.9,20.4,62.8,30.7
326,31,62.8,0,62.8,10.2
326,32,29.9,36.9,50.5,90.7
326,33,44.2,3.2,54.3,17.7
326,34,34.1,25,94.3,39.2
326,35,35,35.5,67.1,74.3
326,36,37.2,30.4,85,54.2
326,37,48.8,48.9,98,97.6
326,38,37.1,30.1,85.9,53
326,39,20,24.9,34.5,59.4
326,40,27.2,38.2,47.3,90.1
326,41,42,41.6,83.1,84.3
326,42,46.3,40,92.5,80.2
326,43,27,38.7,46.1,93.6
326,44,46.9,29.9,94.3,59.5
326,45,35.2,35.5,78.2,64.7
326,46,43.2,43,95.5,78.7
326,47,40.6,40.4,84.2,78.2
326,48,56.9,0,56.9,27.3
326,49,50,30.1,91,66.9
326,50,41.8,31.4,99.5,54.2
327,1,19.8,60,79.2,80.1
327,2,30.1,30.1,62.5,58.1
327,3,44,30.2,93.3,57.3
327,4,27.7,70.1,96.1,98.5
327,5,20,39.8,46.1,70.3
327,6,40,41,83.9,78.5
327,7,60.2,11.2,86.5,37.1
327,8,10.5,50.1,22.5,94.1
327,9,25.6,10.1,50.8,20.5
327,10,47.7,20.1,78.4,51.5
327,11,35.4,35.3,71.5,70
327,12,70.3,10.4,89.8,48.2
327,13,25.8,25.8,55.2,48.6
327,14,10,50.8,66.8,59.8
327,15,10.1,44.2,37,60.8
327,16,35.3,9.9,92.6,16.1
327,17,20,36.8,46.2,64.9
327,18,20.1,20,53.6,32.1
327,19,51.1,10,75.1,31.5
327,20,9.6,60,43.5,77.1
327,21,60,30.5,98.3,78.3
327,22,50.1,29.5,97,61.2
327,23,50.6,44.4,96.3,93.7
327,24,50.4,29.9,94.9,63.8
327,25,43.8,30.1,99.5,53.8
327,26,10,43.8,39.2,58.8
327,27,40,10.1,69.5,23.8
327,28,70.8,10,89.5,48
327,29,19.9,60.1,51.8,97.6
327,30,40.1,25.1,71.7,57.1
327,31,40.5,10.2,81.5,20.4
327,32,44.9,44.9,86,94
327,33,50.1,34.6,86.7,82.1
327,34,20.1,22.9,55.4,36
327,35,10.3,56.4,38.6,77
327,36,20,67.2,74.6,91.9
327,37,9,29.8,13.2,93.8
327,38,48.1,48.1,98.1,94.5
327,39,22.1,60,56.7,98.4
327,40,41.9,41.8,84.6,82.9
327,41,39.6,25,67.7,60.3
327,42,10.3,10.6,69,12.5
327,43,27.7,27.7,81,42.2
327,44,10,60.4,26.3,97.5
327,45,10,37.5,20.7,72.7
327,46,42.4,42.4,93.3,77.8
327,47,51,10.5,74.5,33.3
327,48,44.1,44,82,95.2
327,49,20.3,10.3,64.1,15.1
327,50,38,9.7,70.3,21.3
328,1,29,29.2,48.8,72
328,2,0,71.5,72,71.5
328,3,88.4,0,88.4,47.2
328,4,31.4,31.3,78.2,52.4
328,5,63.8,10,74.3,71.1
328,6,0,89.1,60,89.1
328,7,34,34,85.8,56.4
328,8,10,55.7,53.1,68.7
328,9,89.3,0,89.3,43.1
328,10,20.4,20.4,57.3,31.7
328,11,10,53.4,52.4,66
328,12,0,90.1,47,90.1
328,13,22.4,22.5,52.1,39.5
328,14,34.2,34.1,73.3,64.1
328,15,0,96.6,13.8,96.6
328,16,32,33.2,74.4,58.4
328,17,36.2,36.4,80,66.5
328,18,17.8,17.8,23.3,75.7
328,19,61.8,10,92.3,30.3
328,20,10,31.8,16.6,80
328,21,0,79.7,27.4,79.7
328,22,39,39.3,93.5,67.5
328,23,51.4,0,51.4,32.6
328,24,93.9,0,93.9,19.4
328,25,0,98.4,83.9,98.4
328,26,32.1,32.1,60.4,68.7
328,27,0,99.6,63.8,99.6
328,28,33.5,33.4,88.8,53.7
328,29,28.1,28,62.4,51
328,30,33.1,33.2,55,83.5
328,31,42.4,42.6,86.9,83.2
328,32,35.8,35.7,84.8,61.9
328,33,31.8,31.7,77.3,53.9
328,34,30.6,30,69.9,53.5
328,35,10.1,59.7,51.5,74.3
328,36,43.7,43.5,78.3,98.5
328,37,27.2,27.8,75.2,43.6
328,38,39.1,39.4,75.8,81.4
328,39,24.1,24,37.8,66.4
328,40,20.4,20.1,87.2,26.3
328,41,35.7,35.7,61.4,85.3
328,42,20.3,10.1,73.3,14
328,43,41.7,41.8,97.4,73.1
328,44,29.7,28.2,77.3,45.9
328,45,30.6,30.5,74,52.1
328,46,0,90.3,38.6,90.3
328,47,44.3,44.8,87.9,90.4
328,48,35,35.9,87.5,59.9
328,49,33.4,33.7,61.3,74.2
328,50,33.9,37.8,58.8,89.4
